Date,Counts
1/1/1948,1
1/1/1970,1
1/1/1971,1
1/1/1972,1
1/1/1973,1
1/1/1974,1
1/1/1975,1
1/1/1977,1
1/1/1978,2
1/1/1984,1
1/1/1985,1
1/1/1986,2
1/1/1988,3
1/1/1989,2
1/1/1990,5
1/1/1991,6
1/1/1992,9
1/1/1993,11
1/1/1994,14
1/1/1995,13
1/1/1996,14
1/1/1997,15
1/1/1998,37
1/1/1999,58
1/1/2000,86
1/1/2001,100
1/1/2002,129
1/1/2003,148
1/1/2004,159
1/1/2005,240
1/1/2006,329
1/1/2007,452
1/1/2008,2268
1/1/2009,2033
1/1/2010,2343
1/1/2011,2253
1/1/2012,2025
1/1/2013,2030
1/1/2014,2211
1/1/2015,1771
1/2/1990,1
1/2/1998,1
1/2/2000,3
1/2/2001,3
1/2/2002,9
1/2/2003,1
1/2/2004,6
1/2/2005,6
1/2/2006,15
1/2/2007,40
1/2/2008,1260
1/2/2009,1343
1/2/2010,1178
1/2/2011,996
1/2/2012,1213
1/2/2013,1189
1/2/2014,1099
1/2/2015,1029
1/3/1984,1
1/3/1991,1
1/3/1995,1
1/3/1997,1
1/3/2001,1
1/3/2003,1
1/3/2004,1
1/3/2005,7
1/3/2006,2
1/3/2007,22
1/3/2008,1317
1/3/2009,1375
1/3/2010,1048
1/3/2011,1138
1/3/2012,1282
1/3/2013,1276
1/3/2014,971
1/3/2015,1000
1/4/1998,1
1/4/1999,1
1/4/2000,1
1/4/2001,2
1/4/2002,1
1/4/2004,5
1/4/2005,2
1/4/2006,2
1/4/2007,28
1/4/2008,1575
1/4/2009,1082
1/4/2010,1219
1/4/2011,1300
1/4/2012,1219
1/4/2013,1480
1/4/2014,1050
1/4/2015,877
1/5/1954,1
1/5/1984,1
1/5/1997,1
1/5/1998,1
1/5/2000,1
1/5/2001,2
1/5/2002,3
1/5/2003,3
1/5/2004,2
1/5/2005,5
1/5/2006,6
1/5/2007,30
1/5/2008,1532
1/5/2009,1398
1/5/2010,1352
1/5/2011,1364
1/5/2012,1443
1/5/2013,1362
1/5/2014,1015
1/5/2015,1043
1/6/1997,1
1/6/2001,1
1/6/2003,1
1/6/2005,1
1/6/2006,6
1/6/2007,24
1/6/2008,1283
1/6/2009,1286
1/6/2010,1429
1/6/2011,1356
1/6/2012,1543
1/6/2013,1113
1/6/2014,1150
1/6/2015,945
1/7/1910,1
1/7/2001,1
1/7/2002,2
1/7/2003,2
1/7/2004,3
1/7/2006,3
1/7/2007,24
1/7/2008,1445
1/7/2009,1299
1/7/2010,1541
1/7/2011,1332
1/7/2012,1389
1/7/2013,1198
1/7/2014,1058
1/7/2015,958
1/8/2002,1
1/8/2003,1
1/8/2005,2
1/8/2006,2
1/8/2007,21
1/8/2008,1589
1/8/2009,1434
1/8/2010,1495
1/8/2011,1183
1/8/2012,1165
1/8/2013,1320
1/8/2014,1257
1/8/2015,993
1/9/1999,2
1/9/2000,1
1/9/2001,1
1/9/2002,3
1/9/2004,1
1/9/2006,3
1/9/2007,14
1/9/2008,1497
1/9/2009,1576
1/9/2010,1299
1/9/2011,1011
1/9/2012,1223
1/9/2013,1396
1/9/2014,1329
1/9/2015,1124
1/10/1913,1
1/10/1988,1
1/10/2001,1
1/10/2002,2
1/10/2003,1
1/10/2004,1
1/10/2005,6
1/10/2006,6
1/10/2007,25
1/10/2008,1686
1/10/2009,1213
1/10/2010,1212
1/10/2011,1191
1/10/2012,1427
1/10/2013,1406
1/10/2014,1500
1/10/2015,1057
1/11/1968,1
1/11/1993,1
1/11/2000,1
1/11/2001,1
1/11/2002,1
1/11/2004,3
1/11/2005,3
1/11/2006,4
1/11/2007,20
1/11/2008,1665
1/11/2009,995
1/11/2010,1225
1/11/2011,1296
1/11/2012,1363
1/11/2013,1413
1/11/2014,1350
1/11/2015,1011
1/12/1981,1
1/12/1995,1
1/12/2001,2
1/12/2003,1
1/12/2004,2
1/12/2005,1
1/12/2006,2
1/12/2007,22
1/12/2008,1516
1/12/2009,1306
1/12/2010,1344
1/12/2011,1045
1/12/2012,1361
1/12/2013,1366
1/12/2014,1248
1/12/2015,1050
1/13/1999,1
1/13/2001,1
1/13/2004,2
1/13/2006,3
1/13/2007,12
1/13/2008,1347
1/13/2009,1485
1/13/2010,1410
1/13/2011,1250
1/13/2012,1482
1/13/2013,1250
1/13/2014,1321
1/13/2015,1201
1/14/2001,2
1/14/2003,1
1/14/2005,1
1/14/2006,2
1/14/2007,10
1/14/2008,1395
1/14/2009,1368
1/14/2010,1505
1/14/2011,1359
1/14/2012,1283
1/14/2013,1275
1/14/2014,1372
1/14/2015,1213
1/15/1968,1
1/15/2000,2
1/15/2001,1
1/15/2003,4
1/15/2004,3
1/15/2005,4
1/15/2006,4
1/15/2007,24
1/15/2008,1482
1/15/2009,1330
1/15/2010,1785
1/15/2011,1390
1/15/2012,1075
1/15/2013,1319
1/15/2014,1563
1/15/2015,1341
1/16/1992,1
1/16/1995,1
1/16/2001,2
1/16/2002,2
1/16/2003,2
1/16/2004,3
1/16/2005,1
1/16/2007,11
1/16/2008,1493
1/16/2009,1331
1/16/2010,1453
1/16/2011,1116
1/16/2012,1125
1/16/2013,1239
1/16/2014,1437
1/16/2015,1299
1/17/2001,1
1/17/2003,1
1/17/2005,1
1/17/2006,1
1/17/2007,13
1/17/2008,1526
1/17/2009,1304
1/17/2010,1223
1/17/2011,1084
1/17/2012,1438
1/17/2013,1430
1/17/2014,1528
1/17/2015,1269
1/18/1994,2
1/18/2003,1
1/18/2006,1
1/18/2007,9
1/18/2008,1670
1/18/2009,1052
1/18/2010,1219
1/18/2011,1215
1/18/2012,1352
1/18/2013,1355
1/18/2014,1398
1/18/2015,973
1/19/2002,1
1/19/2005,3
1/19/2006,2
1/19/2007,10
1/19/2008,1574
1/19/2009,1034
1/19/2010,1472
1/19/2011,1388
1/19/2012,1314
1/19/2013,1332
1/19/2014,1180
1/19/2015,1086
1/20/1912,2
1/20/1914,1
1/20/1965,1
1/20/2001,1
1/20/2002,1
1/20/2003,3
1/20/2004,1
1/20/2005,4
1/20/2006,4
1/20/2007,13
1/20/2008,1228
1/20/2009,1370
1/20/2010,1510
1/20/2011,1420
1/20/2012,1494
1/20/2013,1166
1/20/2014,1183
1/20/2015,1253
1/21/1974,1
1/21/2000,1
1/21/2001,3
1/21/2002,2
1/21/2003,1
1/21/2005,1
1/21/2006,1
1/21/2007,7
1/21/2008,1194
1/21/2009,1353
1/21/2010,1479
1/21/2011,1373
1/21/2012,1106
1/21/2013,1008
1/21/2014,990
1/21/2015,1209
1/22/1999,1
1/22/2000,1
1/22/2001,2
1/22/2005,1
1/22/2007,14
1/22/2008,1426
1/22/2009,1367
1/22/2010,1654
1/22/2011,1221
1/22/2012,1041
1/22/2013,1092
1/22/2014,983
1/22/2015,1261
1/23/1910,1
1/23/1980,1
1/23/2003,1
1/23/2004,1
1/23/2006,3
1/23/2007,12
1/23/2008,1450
1/23/2009,1603
1/23/2010,1463
1/23/2011,1035
1/23/2012,1343
1/23/2013,1098
1/23/2014,1080
1/23/2015,1335
1/24/2001,1
1/24/2003,3
1/24/2004,1
1/24/2005,2
1/24/2006,1
1/24/2007,12
1/24/2008,1436
1/24/2009,1354
1/24/2010,1192
1/24/2011,1071
1/24/2012,1448
1/24/2013,1152
1/24/2014,1308
1/24/2015,1076
1/25/1969,1
1/25/1986,1
1/25/1995,1
1/25/2006,1
1/25/2007,14
1/25/2008,1513
1/25/2009,1055
1/25/2010,1190
1/25/2011,1237
1/25/2012,1418
1/25/2013,1313
1/25/2014,1284
1/25/2015,1100
1/26/1999,1
1/26/2001,1
1/26/2003,1
1/26/2005,1
1/26/2006,2
1/26/2007,14
1/26/2008,1395
1/26/2009,1155
1/26/2010,1383
1/26/2011,1071
1/26/2012,1375
1/26/2013,1212
1/26/2014,1096
1/26/2015,919
1/27/2002,2
1/27/2003,1
1/27/2004,1
1/27/2005,3
1/27/2006,2
1/27/2007,19
1/27/2008,1225
1/27/2009,1320
1/27/2010,1393
1/27/2011,945
1/27/2012,1568
1/27/2013,1070
1/27/2014,1113
1/27/2015,803
1/28/2001,1
1/28/2002,2
1/28/2003,1
1/28/2005,3
1/28/2006,1
1/28/2007,8
1/28/2008,1244
1/28/2009,1167
1/28/2010,1281
1/28/2011,1246
1/28/2012,1503
1/28/2013,1098
1/28/2014,1213
1/28/2015,1057
1/29/1915,1
1/29/2001,1
1/29/2004,2
1/29/2005,2
1/29/2006,2
1/29/2007,10
1/29/2008,1338
1/29/2009,1365
1/29/2010,1366
1/29/2011,1201
1/29/2012,1202
1/29/2013,1278
1/29/2014,1179
1/29/2015,1050
1/30/1980,1
1/30/1990,1
1/30/1995,2
1/30/2000,3
1/30/2004,3
1/30/2005,2
1/30/2006,1
1/30/2007,9
1/30/2008,1406
1/30/2009,1442
1/30/2010,1203
1/30/2011,1073
1/30/2012,1219
1/30/2013,1349
1/30/2014,1270
1/30/2015,1137
1/31/1992,2
1/31/1998,1
1/31/1999,2
1/31/2000,1
1/31/2001,1
1/31/2002,1
1/31/2003,2
1/31/2004,2
1/31/2005,5
1/31/2006,3
1/31/2007,15
1/31/2008,1416
1/31/2009,1285
1/31/2010,1045
1/31/2011,1097
1/31/2012,1361
1/31/2013,1343
1/31/2014,1398
1/31/2015,1037
2/1/1980,1
2/1/1986,2
2/1/1990,2
2/1/1991,1
2/1/1995,1
2/1/1996,2
2/1/1997,2
2/1/1998,2
2/1/1999,5
2/1/2000,7
2/1/2001,9
2/1/2002,14
2/1/2003,16
2/1/2004,16
2/1/2005,25
2/1/2006,39
2/1/2007,123
2/1/2008,1789
2/1/2009,1454
2/1/2010,1485
2/1/2011,1501
2/1/2012,1754
2/1/2013,1675
2/1/2014,1631
2/1/2015,1294
2/2/1908,1
2/2/1920,1
2/2/1992,1
2/2/2000,2
2/2/2001,1
2/2/2002,2
2/2/2003,2
2/2/2004,4
2/2/2005,3
2/2/2006,6
2/2/2007,20
2/2/2008,1536
2/2/2009,1313
2/2/2010,1378
2/2/2011,1165
2/2/2012,1467
2/2/2013,1346
2/2/2014,1275
2/2/2015,880
2/3/1960,1
2/3/1997,1
2/3/2000,1
2/3/2002,1
2/3/2003,3
2/3/2004,1
2/3/2005,2
2/3/2006,4
2/3/2007,7
2/3/2008,1368
2/3/2009,1115
2/3/2010,1395
2/3/2011,1320
2/3/2012,1480
2/3/2013,1065
2/3/2014,1090
2/3/2015,948
2/4/2003,2
2/4/2004,2
2/4/2005,4
2/4/2006,1
2/4/2007,7
2/4/2008,1292
2/4/2009,1235
2/4/2010,1336
2/4/2011,1459
2/4/2012,1437
2/4/2013,1138
2/4/2014,1173
2/4/2015,1202
2/5/1996,1
2/5/1997,1
2/5/1999,1
2/5/2000,1
2/5/2001,1
2/5/2002,2
2/5/2005,3
2/5/2006,2
2/5/2007,8
2/5/2008,1449
2/5/2009,1223
2/5/2010,1564
2/5/2011,1274
2/5/2012,1149
2/5/2013,1238
2/5/2014,1126
2/5/2015,1125
2/6/1911,1
2/6/2000,2
2/6/2002,2
2/6/2003,1
2/6/2004,1
2/6/2005,1
2/6/2006,6
2/6/2007,11
2/6/2008,1536
2/6/2009,1400
2/6/2010,1252
2/6/2011,1104
2/6/2012,1299
2/6/2013,1252
2/6/2014,1246
2/6/2015,1209
2/7/1985,1
2/7/1986,1
2/7/2002,1
2/7/2003,2
2/7/2004,3
2/7/2005,2
2/7/2006,3
2/7/2007,16
2/7/2008,1471
2/7/2009,1321
2/7/2010,1065
2/7/2011,1212
2/7/2012,1361
2/7/2013,1296
2/7/2014,1412
2/7/2015,1160
2/8/2000,1
2/8/2001,1
2/8/2002,1
2/8/2006,6
2/8/2007,9
2/8/2008,1682
2/8/2009,1131
2/8/2010,1088
2/8/2011,1222
2/8/2012,1426
2/8/2013,1113
2/8/2014,1291
2/8/2015,1023
2/9/1986,1
2/9/2000,1
2/9/2001,1
2/9/2002,1
2/9/2003,2
2/9/2005,1
2/9/2006,2
2/9/2007,17
2/9/2008,1422
2/9/2009,1232
2/9/2010,1224
2/9/2011,1335
2/9/2012,1357
2/9/2013,915
2/9/2014,1136
2/9/2015,985
2/10/1999,1
2/10/2003,3
2/10/2004,1
2/10/2005,3
2/10/2006,4
2/10/2007,7
2/10/2008,1140
2/10/2009,1500
2/10/2010,843
2/10/2011,1411
2/10/2012,1624
2/10/2013,1025
2/10/2014,1110
2/10/2015,1133
2/11/2000,1
2/11/2001,2
2/11/2004,1
2/11/2005,2
2/11/2006,1
2/11/2007,9
2/11/2008,1130
2/11/2009,1501
2/11/2010,1098
2/11/2011,1526
2/11/2012,1317
2/11/2013,1095
2/11/2014,1195
2/11/2015,1172
2/12/1972,1
2/12/2000,2
2/12/2001,2
2/12/2005,1
2/12/2006,1
2/12/2007,12
2/12/2008,1170
2/12/2009,1485
2/12/2010,1404
2/12/2011,1368
2/12/2012,1153
2/12/2013,1342
2/12/2014,1275
2/12/2015,1179
2/13/2000,1
2/13/2001,1
2/13/2004,2
2/13/2005,1
2/13/2006,4
2/13/2007,11
2/13/2008,1221
2/13/2009,1563
2/13/2010,1275
2/13/2011,1133
2/13/2012,1205
2/13/2013,1374
2/13/2014,878
2/13/2015,1149
2/14/2001,2
2/14/2002,1
2/14/2004,3
2/14/2005,1
2/14/2006,1
2/14/2007,16
2/14/2008,1367
2/14/2009,1305
2/14/2010,1029
2/14/2011,1236
2/14/2012,1312
2/14/2013,1291
2/14/2014,1248
2/14/2015,1196
2/15/1992,1
2/15/2000,1
2/15/2001,2
2/15/2002,1
2/15/2003,1
2/15/2004,2
2/15/2005,6
2/15/2006,8
2/15/2007,17
2/15/2008,1734
2/15/2009,1219
2/15/2010,1019
2/15/2011,1428
2/15/2012,1457
2/15/2013,1537
2/15/2014,1275
2/15/2015,1060
2/16/2000,1
2/16/2001,2
2/16/2002,1
2/16/2003,3
2/16/2004,1
2/16/2005,1
2/16/2006,3
2/16/2007,12
2/16/2008,1417
2/16/2009,1162
2/16/2010,1044
2/16/2011,1453
2/16/2012,1387
2/16/2013,1317
2/16/2014,1031
2/16/2015,959
2/17/2005,1
2/17/2006,5
2/17/2007,11
2/17/2008,1153
2/17/2009,1354
2/17/2010,1219
2/17/2011,1491
2/17/2012,1559
2/17/2013,1096
2/17/2014,1073
2/17/2015,1033
2/18/1983,1
2/18/2000,1
2/18/2004,1
2/18/2006,2
2/18/2007,4
2/18/2008,1198
2/18/2009,1275
2/18/2010,1327
2/18/2011,1569
2/18/2012,1397
2/18/2013,1080
2/18/2014,1200
2/18/2015,1193
2/19/1968,1
2/19/2001,1
2/19/2002,1
2/19/2003,2
2/19/2004,1
2/19/2005,1
2/19/2007,11
2/19/2008,1383
2/19/2009,1275
2/19/2010,1350
2/19/2011,1290
2/19/2012,1162
2/19/2013,1146
2/19/2014,1180
2/19/2015,1029
2/20/2004,1
2/20/2006,4
2/20/2007,17
2/20/2008,1394
2/20/2009,1455
2/20/2010,1470
2/20/2011,1130
2/20/2012,1130
2/20/2013,1271
2/20/2014,1318
2/20/2015,1146
2/21/2001,1
2/21/2003,1
2/21/2005,2
2/21/2006,4
2/21/2007,12
2/21/2008,1353
2/21/2009,1396
2/21/2010,1180
2/21/2011,1068
2/21/2012,1276
2/21/2013,1265
2/21/2014,1389
2/21/2015,1117
2/22/1914,1
2/22/2000,1
2/22/2002,4
2/22/2004,1
2/22/2005,2
2/22/2006,2
2/22/2007,6
2/22/2008,1238
2/22/2009,1086
2/22/2010,1198
2/22/2011,1233
2/22/2012,1396
2/22/2013,1419
2/22/2014,1510
2/22/2015,989
2/23/1913,1
2/23/2001,3
2/23/2005,4
2/23/2006,2
2/23/2007,5
2/23/2008,1342
2/23/2009,1124
2/23/2010,1232
2/23/2011,1254
2/23/2012,1277
2/23/2013,1296
2/23/2014,1185
2/23/2015,982
2/24/1968,1
2/24/2001,3
2/24/2003,1
2/24/2004,1
2/24/2006,3
2/24/2007,5
2/24/2008,1123
2/24/2009,1354
2/24/2010,1374
2/24/2011,1264
2/24/2012,1314
2/24/2013,1158
2/24/2014,1174
2/24/2015,1016
2/25/1996,1
2/25/1999,1
2/25/2001,1
2/25/2003,2
2/25/2004,1
2/25/2005,3
2/25/2006,3
2/25/2007,7
2/25/2008,1268
2/25/2009,1405
2/25/2010,1098
2/25/2011,1325
2/25/2012,1315
2/25/2013,1190
2/25/2014,1273
2/25/2015,1193
2/26/2001,1
2/26/2003,1
2/26/2006,2
2/26/2007,18
2/26/2008,1298
2/26/2009,1539
2/26/2010,933
2/26/2011,1355
2/26/2012,1148
2/26/2013,1245
2/26/2014,1193
2/26/2015,1168
2/27/1945,1
2/27/2001,2
2/27/2003,1
2/27/2004,2
2/27/2005,1
2/27/2006,2
2/27/2007,17
2/27/2008,1460
2/27/2009,1587
2/27/2010,1247
2/27/2011,1228
2/27/2012,1373
2/27/2013,1285
2/27/2014,1210
2/27/2015,1248
2/28/1995,1
2/28/1997,1
2/28/1999,1
2/28/2003,3
2/28/2004,1
2/28/2005,2
2/28/2006,4
2/28/2007,13
2/28/2008,1376
2/28/2009,1400
2/28/2010,1059
2/28/2011,1184
2/28/2012,1390
2/28/2013,1313
2/28/2014,1379
2/28/2015,1166
2/29/1912,1
2/29/2008,1431
2/29/2012,1248
3/1/1979,1
3/1/1989,1
3/1/1990,1
3/1/1993,1
3/1/1994,2
3/1/1996,2
3/1/1997,1
3/1/1998,2
3/1/1999,4
3/1/2000,7
3/1/2001,6
3/1/2002,11
3/1/2003,16
3/1/2004,12
3/1/2005,29
3/1/2006,47
3/1/2007,125
3/1/2008,1678
3/1/2009,1397
3/1/2010,1580
3/1/2011,1683
3/1/2012,1570
3/1/2013,1699
3/1/2014,1654
3/1/2015,1311
3/2/1986,1
3/2/1993,1
3/2/2002,1
3/2/2003,1
3/2/2005,1
3/2/2006,3
3/2/2007,9
3/2/2008,1255
3/2/2009,879
3/2/2010,1346
3/2/2011,1444
3/2/2012,1464
3/2/2013,1292
3/2/2014,1171
3/2/2015,1114
3/3/1968,1
3/3/2001,1
3/3/2003,1
3/3/2004,1
3/3/2005,7
3/3/2006,6
3/3/2007,8
3/3/2008,1359
3/3/2009,1144
3/3/2010,1455
3/3/2011,1322
3/3/2012,1421
3/3/2013,1105
3/3/2014,1088
3/3/2015,1121
3/4/1919,1
3/4/2003,3
3/4/2004,3
3/4/2005,2
3/4/2006,2
3/4/2007,10
3/4/2008,1428
3/4/2009,1303
3/4/2010,1461
3/4/2011,1500
3/4/2012,1196
3/4/2013,1133
3/4/2014,1220
3/4/2015,1174
3/5/2000,1
3/5/2001,1
3/5/2002,3
3/5/2003,1
3/5/2005,3
3/5/2006,3
3/5/2007,12
3/5/2008,1476
3/5/2009,1485
3/5/2010,1606
3/5/2011,1443
3/5/2012,1319
3/5/2013,1289
3/5/2014,1371
3/5/2015,1058
3/6/1969,1
3/6/1976,1
3/6/2001,1
3/6/2005,1
3/6/2006,8
3/6/2007,8
3/6/2008,1514
3/6/2009,1558
3/6/2010,1443
3/6/2011,1075
3/6/2012,1309
3/6/2013,1226
3/6/2014,1261
3/6/2015,1216
3/7/2005,5
3/7/2006,1
3/7/2007,16
3/7/2008,1613
3/7/2009,1554
3/7/2010,1252
3/7/2011,1164
3/7/2012,1406
3/7/2013,1221
3/7/2014,1471
3/7/2015,1229
3/8/1998,1
3/8/2001,1
3/8/2002,1
3/8/2004,2
3/8/2005,2
3/8/2006,3
3/8/2007,8
3/8/2008,1364
3/8/2009,1210
3/8/2010,1333
3/8/2011,1359
3/8/2012,1480
3/8/2013,1271
3/8/2014,1456
3/8/2015,1089
3/9/1942,1
3/9/2003,1
3/9/2005,2
3/9/2006,2
3/9/2007,7
3/9/2008,1224
3/9/2009,1282
3/9/2010,1426
3/9/2011,1401
3/9/2012,1483
3/9/2013,1355
3/9/2014,1142
3/9/2015,1293
3/10/1955,1
3/10/1992,1
3/10/2001,3
3/10/2005,3
3/10/2006,2
3/10/2007,14
3/10/2008,1398
3/10/2009,1501
3/10/2010,1558
3/10/2011,1304
3/10/2012,1343
3/10/2013,1186
3/10/2014,1252
3/10/2015,1298
3/11/1998,1
3/11/1999,1
3/11/2002,2
3/11/2003,1
3/11/2006,2
3/11/2007,17
3/11/2008,1441
3/11/2009,1574
3/11/2010,1415
3/11/2011,1572
3/11/2012,1121
3/11/2013,1226
3/11/2014,1307
3/11/2015,1273
3/12/1941,1
3/12/1959,1
3/12/1986,1
3/12/2004,1
3/12/2006,2
3/12/2007,15
3/12/2008,1527
3/12/2009,1432
3/12/2010,1448
3/12/2011,1505
3/12/2012,1453
3/12/2013,1172
3/12/2014,1391
3/12/2015,1274
3/13/2001,1
3/13/2006,1
3/13/2007,10
3/13/2008,1476
3/13/2009,1560
3/13/2010,1048
3/13/2011,1162
3/13/2012,1440
3/13/2013,1483
3/13/2014,1250
3/13/2015,1330
3/14/1997,1
3/14/2000,2
3/14/2001,1
3/14/2002,2
3/14/2003,2
3/14/2005,4
3/14/2006,3
3/14/2007,15
3/14/2008,1598
3/14/2009,1423
3/14/2010,1090
3/14/2011,1240
3/14/2012,1483
3/14/2013,1296
3/14/2014,1451
3/14/2015,1271
3/15/2000,1
3/15/2001,5
3/15/2002,1
3/15/2003,2
3/15/2004,2
3/15/2005,7
3/15/2006,6
3/15/2007,21
3/15/2008,1491
3/15/2009,1299
3/15/2010,1283
3/15/2011,1480
3/15/2012,1451
3/15/2013,1462
3/15/2014,1624
3/15/2015,1286
3/16/1971,1
3/16/1995,1
3/16/2003,1
3/16/2004,1
3/16/2005,1
3/16/2006,6
3/16/2007,10
3/16/2008,1225
3/16/2009,1303
3/16/2010,1449
3/16/2011,1332
3/16/2012,1485
3/16/2013,1259
3/16/2014,1216
3/16/2015,1203
3/17/2003,1
3/17/2004,1
3/17/2005,2
3/17/2006,6
3/17/2007,5
3/17/2008,1327
3/17/2009,1388
3/17/2010,1514
3/17/2011,1391
3/17/2012,1439
3/17/2013,1172
3/17/2014,1162
3/17/2015,1309
3/18/2000,1
3/18/2002,1
3/18/2003,2
3/18/2004,1
3/18/2005,3
3/18/2006,2
3/18/2007,6
3/18/2008,1414
3/18/2009,1506
3/18/2010,1469
3/18/2011,1579
3/18/2012,1320
3/18/2013,1149
3/18/2014,1335
3/18/2015,1279
3/19/2002,1
3/19/2006,1
3/19/2007,8
3/19/2008,1342
3/19/2009,1418
3/19/2010,1568
3/19/2011,1406
3/19/2012,1282
3/19/2013,1209
3/19/2014,1269
3/19/2015,1220
3/20/1912,1
3/20/1985,1
3/20/2001,1
3/20/2003,2
3/20/2004,1
3/20/2005,1
3/20/2006,3
3/20/2007,9
3/20/2008,1592
3/20/2009,1519
3/20/2010,1468
3/20/2011,1235
3/20/2012,1509
3/20/2013,1308
3/20/2014,1482
3/20/2015,1194
3/21/2000,2
3/21/2001,2
3/21/2002,1
3/21/2003,1
3/21/2004,1
3/21/2005,1
3/21/2006,1
3/21/2007,8
3/21/2008,1503
3/21/2009,1418
3/21/2010,1301
3/21/2011,1146
3/21/2012,1467
3/21/2013,1213
3/21/2014,1433
3/21/2015,1253
3/22/1973,1
3/22/1980,1
3/22/2001,1
3/22/2002,1
3/22/2003,2
3/22/2005,2
3/22/2006,3
3/22/2007,5
3/22/2008,1459
3/22/2009,1226
3/22/2010,1147
3/22/2011,1398
3/22/2012,1462
3/22/2013,1396
3/22/2014,1507
3/22/2015,1127
3/23/1991,1
3/23/1999,1
3/23/2000,1
3/23/2001,1
3/23/2002,1
3/23/2003,1
3/23/2004,2
3/23/2006,1
3/23/2007,12
3/23/2008,1171
3/23/2009,1170
3/23/2010,1410
3/23/2011,1261
3/23/2012,1530
3/23/2013,1323
3/23/2014,1134
3/23/2015,1138
3/24/1993,1
3/24/2000,1
3/24/2001,1
3/24/2002,1
3/24/2003,2
3/24/2004,1
3/24/2005,3
3/24/2006,3
3/24/2007,7
3/24/2008,1292
3/24/2009,1415
3/24/2010,1506
3/24/2011,1365
3/24/2012,1420
3/24/2013,1174
3/24/2014,1209
3/24/2015,1166
3/25/2001,1
3/25/2005,3
3/25/2006,2
3/25/2007,8
3/25/2008,1492
3/25/2009,1475
3/25/2010,1500
3/25/2011,1515
3/25/2012,1248
3/25/2013,1102
3/25/2014,1284
3/25/2015,1248
3/26/1980,1
3/26/2001,1
3/26/2003,1
3/26/2006,5
3/26/2007,15
3/26/2008,1508
3/26/2009,1307
3/26/2010,1523
3/26/2011,1256
3/26/2012,1246
3/26/2013,1269
3/26/2014,1280
3/26/2015,1206
3/27/2001,1
3/27/2002,1
3/27/2004,1
3/27/2005,1
3/27/2006,5
3/27/2007,15
3/27/2008,1504
3/27/2009,1664
3/27/2010,1316
3/27/2011,1127
3/27/2012,1302
3/27/2013,1283
3/27/2014,1291
3/27/2015,1310
3/28/1998,1
3/28/2000,1
3/28/2003,2
3/28/2005,3
3/28/2006,2
3/28/2007,8
3/28/2008,1607
3/28/2009,1409
3/28/2010,1156
3/28/2011,1243
3/28/2012,1416
3/28/2013,1330
3/28/2014,1458
3/28/2015,1218
3/29/1912,1
3/29/2001,1
3/29/2003,1
3/29/2004,2
3/29/2005,1
3/29/2006,2
3/29/2007,13
3/29/2008,1412
3/29/2009,1224
3/29/2010,1080
3/29/2011,1191
3/29/2012,1390
3/29/2013,1285
3/29/2014,1176
3/29/2015,1122
3/30/1985,1
3/30/2001,4
3/30/2004,1
3/30/2005,2
3/30/2006,6
3/30/2007,12
3/30/2008,1172
3/30/2009,1333
3/30/2010,1064
3/30/2011,1357
3/30/2012,1486
3/30/2013,1275
3/30/2014,1083
3/30/2015,1165
3/31/2000,2
3/31/2003,1
3/31/2004,2
3/31/2005,2
3/31/2006,7
3/31/2007,10
3/31/2008,1325
3/31/2009,1446
3/31/2010,1324
3/31/2011,1311
3/31/2012,1238
3/31/2013,1037
3/31/2014,1150
3/31/2015,1171
4/1/1910,1
4/1/1985,1
4/1/1994,2
4/1/1996,1
4/1/1997,3
4/1/1998,3
4/1/1999,5
4/1/2000,5
4/1/2001,14
4/1/2002,9
4/1/2003,14
4/1/2004,21
4/1/2005,24
4/1/2006,53
4/1/2007,134
4/1/2008,1788
4/1/2009,1758
4/1/2010,1713
4/1/2011,1682
4/1/2012,1417
4/1/2013,1414
4/1/2014,1678
4/1/2015,1791
4/2/1993,1
4/2/2002,1
4/2/2003,3
4/2/2004,3
4/2/2005,1
4/2/2006,6
4/2/2007,20
4/2/2008,1553
4/2/2009,1450
4/2/2010,1401
4/2/2011,1435
4/2/2012,1378
4/2/2013,1178
4/2/2014,1402
4/2/2015,1390
4/3/2000,3
4/3/2004,2
4/3/2005,2
4/3/2006,4
4/3/2007,15
4/3/2008,1472
4/3/2009,1465
4/3/2010,1325
4/3/2011,1245
4/3/2012,1442
4/3/2013,1294
4/3/2014,1364
4/3/2015,1362
4/4/1992,1
4/4/2000,1
4/4/2002,2
4/4/2003,3
4/4/2005,6
4/4/2006,3
4/4/2007,15
4/4/2008,1574
4/4/2009,1334
4/4/2010,1171
4/4/2011,1285
4/4/2012,1497
4/4/2013,1324
4/4/2014,1442
4/4/2015,1317
4/5/2000,1
4/5/2001,1
4/5/2002,3
4/5/2004,3
4/5/2005,3
4/5/2006,2
4/5/2007,13
4/5/2008,1533
4/5/2009,1241
4/5/2010,1287
4/5/2011,1367
4/5/2012,1477
4/5/2013,1434
4/5/2014,1395
4/5/2015,1012
4/6/1973,1
4/6/1999,1
4/6/2002,1
4/6/2003,1
4/6/2004,2
4/6/2005,4
4/6/2006,5
4/6/2007,10
4/6/2008,1264
4/6/2009,1189
4/6/2010,1398
4/6/2011,1454
4/6/2012,1431
4/6/2013,1264
4/6/2014,1170
4/6/2015,1194
4/7/1975,1
4/7/2001,1
4/7/2003,1
4/7/2004,3
4/7/2005,4
4/7/2006,2
4/7/2007,13
4/7/2008,1374
4/7/2009,1395
4/7/2010,1455
4/7/2011,1463
4/7/2012,1404
4/7/2013,1126
4/7/2014,1161
4/7/2015,1193
4/8/1988,1
4/8/2004,1
4/8/2006,3
4/8/2007,8
4/8/2008,1428
4/8/2009,1475
4/8/2010,1548
4/8/2011,1471
4/8/2012,1090
4/8/2013,1266
4/8/2014,1343
4/8/2015,1247
4/9/2000,1
4/9/2002,1
4/9/2003,1
4/9/2004,1
4/9/2005,2
4/9/2006,1
4/9/2007,12
4/9/2008,1481
4/9/2009,1466
4/9/2010,1534
4/9/2011,1473
4/9/2012,1178
4/9/2013,1385
4/9/2014,1413
4/9/2015,1191
4/10/2001,1
4/10/2002,1
4/10/2003,4
4/10/2004,1
4/10/2006,6
4/10/2007,18
4/10/2008,1532
4/10/2009,1429
4/10/2010,1495
4/10/2011,1236
4/10/2012,1312
4/10/2013,1465
4/10/2014,1347
4/10/2015,1297
4/11/1997,1
4/11/2003,1
4/11/2005,3
4/11/2006,5
4/11/2007,13
4/11/2008,1671
4/11/2009,1254
4/11/2010,1235
4/11/2011,1340
4/11/2012,1227
4/11/2013,1385
4/11/2014,1422
4/11/2015,1225
4/12/1912,1
4/12/2000,1
4/12/2002,1
4/12/2004,1
4/12/2007,14
4/12/2008,1536
4/12/2009,1095
4/12/2010,1325
4/12/2011,1281
4/12/2012,1396
4/12/2013,1364
4/12/2014,1443
4/12/2015,1211
4/13/2003,1
4/13/2004,2
4/13/2006,4
4/13/2007,19
4/13/2008,1309
4/13/2009,1171
4/13/2010,1449
4/13/2011,1347
4/13/2012,1468
4/13/2013,1422
4/13/2014,1279
4/13/2015,1223
4/14/2001,1
4/14/2004,2
4/14/2005,1
4/14/2006,3
4/14/2007,7
4/14/2008,1358
4/14/2009,1244
4/14/2010,1476
4/14/2011,1549
4/14/2012,1314
4/14/2013,1150
4/14/2014,1203
4/14/2015,1361
4/15/1987,1
4/15/1999,2
4/15/2000,1
4/15/2001,3
4/15/2002,2
4/15/2003,2
4/15/2004,2
4/15/2005,11
4/15/2006,14
4/15/2007,32
4/15/2008,1535
4/15/2009,1322
4/15/2010,1524
4/15/2011,1616
4/15/2012,1397
4/15/2013,1337
4/15/2014,1264
4/15/2015,1449
4/16/2001,3
4/16/2003,1
4/16/2005,3
4/16/2006,4
4/16/2007,11
4/16/2008,1526
4/16/2009,1329
4/16/2010,1537
4/16/2011,1213
4/16/2012,1348
4/16/2013,1386
4/16/2014,1302
4/16/2015,1344
4/17/1913,1
4/17/2002,1
4/17/2003,2
4/17/2006,5
4/17/2007,17
4/17/2008,1434
4/17/2009,1478
4/17/2010,1442
4/17/2011,1192
4/17/2012,1466
4/17/2013,1404
4/17/2014,1239
4/17/2015,1407
4/18/2001,3
4/18/2002,1
4/18/2004,3
4/18/2006,5
4/18/2007,20
4/18/2008,1616
4/18/2009,1440
4/18/2010,1209
4/18/2011,1295
4/18/2012,1538
4/18/2013,1418
4/18/2014,1436
4/18/2015,1464
4/19/1914,1
4/19/2004,3
4/19/2005,2
4/19/2006,1
4/19/2007,10
4/19/2008,1417
4/19/2009,1134
4/19/2010,1381
4/19/2011,1245
4/19/2012,1398
4/19/2013,1465
4/19/2014,1316
4/19/2015,1220
4/20/1989,1
4/20/2000,2
4/20/2001,1
4/20/2003,2
4/20/2004,2
4/20/2005,2
4/20/2006,4
4/20/2007,19
4/20/2008,1260
4/20/2009,1215
4/20/2010,1603
4/20/2011,1413
4/20/2012,1644
4/20/2013,1365
4/20/2014,1148
4/20/2015,1151
4/21/1920,1
4/21/1989,1
4/21/2001,3
4/21/2002,1
4/21/2003,2
4/21/2004,1
4/21/2005,3
4/21/2006,2
4/21/2007,10
4/21/2008,1270
4/21/2009,1415
4/21/2010,1480
4/21/2011,1384
4/21/2012,1476
4/21/2013,1209
4/21/2014,1204
4/21/2015,1326
4/22/1910,1
4/22/1914,1
4/22/1968,1
4/22/2002,1
4/22/2003,2
4/22/2005,1
4/22/2006,2
4/22/2007,7
4/22/2008,1404
4/22/2009,1416
4/22/2010,1545
4/22/2011,1396
4/22/2012,1126
4/22/2013,1175
4/22/2014,1359
4/22/2015,1359
4/23/1996,1
4/23/1998,1
4/23/1999,1
4/23/2002,1
4/23/2004,1
4/23/2005,2
4/23/2006,2
4/23/2007,8
4/23/2008,1442
4/23/2009,1453
4/23/2010,1616
4/23/2011,1285
4/23/2012,1294
4/23/2013,1270
4/23/2014,1448
4/23/2015,1259
4/24/1993,1
4/24/2004,2
4/24/2005,1
4/24/2006,1
4/24/2007,5
4/24/2008,1429
4/24/2009,1598
4/24/2010,1383
4/24/2011,1145
4/24/2012,1313
4/24/2013,1451
4/24/2014,1305
4/24/2015,1372
4/25/2002,1
4/25/2003,1
4/25/2005,2
4/25/2006,1
4/25/2007,14
4/25/2008,1438
4/25/2009,1410
4/25/2010,1131
4/25/2011,1203
4/25/2012,1548
4/25/2013,1454
4/25/2014,1474
4/25/2015,1320
4/26/2000,1
4/26/2003,1
4/26/2005,1
4/26/2006,3
4/26/2007,20
4/26/2008,1397
4/26/2009,1361
4/26/2010,1172
4/26/2011,1374
4/26/2012,1326
4/26/2013,1498
4/26/2014,1353
4/26/2015,1257
4/27/2000,1
4/27/2004,1
4/27/2006,1
4/27/2007,19
4/27/2008,1151
4/27/2009,1345
4/27/2010,1435
4/27/2011,1427
4/27/2012,1609
4/27/2013,1446
4/27/2014,1250
4/27/2015,1242
4/28/2000,1
4/28/2001,2
4/28/2004,3
4/28/2005,3
4/28/2006,2
4/28/2007,12
4/28/2008,1166
4/28/2009,1454
4/28/2010,1548
4/28/2011,1360
4/28/2012,1397
4/28/2013,1185
4/28/2014,1240
4/28/2015,1281
4/29/2002,1
4/29/2003,1
4/29/2004,1
4/29/2005,1
4/29/2006,2
4/29/2007,9
4/29/2008,1304
4/29/2009,1555
4/29/2010,1478
4/29/2011,1519
4/29/2012,1320
4/29/2013,1237
4/29/2014,1238
4/29/2015,1360
4/30/1980,1
4/30/1997,1
4/30/2000,1
4/30/2001,1
4/30/2003,3
4/30/2005,2
4/30/2006,1
4/30/2007,19
4/30/2008,1424
4/30/2009,1509
4/30/2010,1613
4/30/2011,1358
4/30/2012,1355
4/30/2013,1353
4/30/2014,1049
4/30/2015,1372
5/1/1938,1
5/1/1975,1
5/1/1993,1
5/1/1996,1
5/1/1997,2
5/1/1998,2
5/1/1999,4
5/1/2000,5
5/1/2001,14
5/1/2002,9
5/1/2003,18
5/1/2004,12
5/1/2005,22
5/1/2006,41
5/1/2007,186
5/1/2008,1761
5/1/2009,1866
5/1/2010,1661
5/1/2011,1464
5/1/2012,1699
5/1/2013,1706
5/1/2014,1692
5/1/2015,1817
5/2/1920,1
5/2/2002,1
5/2/2003,2
5/2/2005,3
5/2/2006,4
5/2/2007,18
5/2/2008,1578
5/2/2009,1445
5/2/2010,1360
5/2/2011,1288
5/2/2012,1417
5/2/2013,1420
5/2/2014,1577
5/2/2015,1178
5/3/1988,1
5/3/2001,2
5/3/2003,1
5/3/2004,1
5/3/2005,3
5/3/2006,6
5/3/2007,15
5/3/2008,1431
5/3/2009,1142
5/3/2010,1295
5/3/2011,1464
5/3/2012,1463
5/3/2013,1483
5/3/2014,1452
5/3/2015,1269
5/4/1992,1
5/4/2000,1
5/4/2003,1
5/4/2004,1
5/4/2006,5
5/4/2007,13
5/4/2008,1236
5/4/2009,1220
5/4/2010,1448
5/4/2011,1323
5/4/2012,1595
5/4/2013,1354
5/4/2014,1302
5/4/2015,1212
5/5/2000,2
5/5/2001,1
5/5/2002,1
5/5/2004,1
5/5/2005,2
5/5/2006,7
5/5/2007,23
5/5/2008,1386
5/5/2009,1450
5/5/2010,1588
5/5/2011,1383
5/5/2012,1420
5/5/2013,1280
5/5/2014,1336
5/5/2015,1390
5/6/1911,1
5/6/1996,1
5/6/1999,1
5/6/2001,1
5/6/2004,1
5/6/2005,2
5/6/2006,8
5/6/2007,11
5/6/2008,1587
5/6/2009,1531
5/6/2010,1556
5/6/2011,1545
5/6/2012,1339
5/6/2013,1228
5/6/2014,1467
5/6/2015,1342
5/7/2001,3
5/7/2003,2
5/7/2004,1
5/7/2005,3
5/7/2006,2
5/7/2007,23
5/7/2008,1491
5/7/2009,1367
5/7/2010,1688
5/7/2011,1363
5/7/2012,1286
5/7/2013,1455
5/7/2014,1478
5/7/2015,1360
5/8/1900,1
5/8/2004,2
5/8/2005,2
5/8/2006,2
5/8/2007,8
5/8/2008,1571
5/8/2009,1700
5/8/2010,1448
5/8/2011,1167
5/8/2012,1474
5/8/2013,1329
5/8/2014,1322
5/8/2015,1371
5/9/1912,1
5/9/1999,1
5/9/2001,1
5/9/2003,1
5/9/2004,3
5/9/2005,1
5/9/2006,3
5/9/2007,11
5/9/2008,1482
5/9/2009,1497
5/9/2010,1172
5/9/2011,1380
5/9/2012,1483
5/9/2013,1353
5/9/2014,1505
5/9/2015,1329
5/10/1988,1
5/10/1999,1
5/10/2001,1
5/10/2003,1
5/10/2004,3
5/10/2005,1
5/10/2006,5
5/10/2007,21
5/10/2008,1441
5/10/2009,1281
5/10/2010,1363
5/10/2011,1550
5/10/2012,1517
5/10/2013,1592
5/10/2014,1473
5/10/2015,1320
5/11/1990,1
5/11/1996,1
5/11/2000,1
5/11/2004,3
5/11/2005,4
5/11/2006,4
5/11/2007,19
5/11/2008,1230
5/11/2009,1398
5/11/2010,1402
5/11/2011,1544
5/11/2012,1588
5/11/2013,1387
5/11/2014,1277
5/11/2015,1300
5/12/1941,1
5/12/1997,1
5/12/2002,2
5/12/2004,4
5/12/2005,4
5/12/2006,5
5/12/2007,14
5/12/2008,1279
5/12/2009,1560
5/12/2010,1440
5/12/2011,1555
5/12/2012,1515
5/12/2013,1324
5/12/2014,1378
5/12/2015,1407
5/13/2000,1
5/13/2001,1
5/13/2003,2
5/13/2004,1
5/13/2005,3
5/13/2006,2
5/13/2007,14
5/13/2008,1523
5/13/2009,1596
5/13/2010,1496
5/13/2011,1612
5/13/2012,1234
5/13/2013,1265
5/13/2014,1389
5/13/2015,1462
5/14/2000,1
5/14/2002,1
5/14/2003,1
5/14/2006,2
5/14/2007,8
5/14/2008,1576
5/14/2009,1397
5/14/2010,1591
5/14/2011,1336
5/14/2012,1281
5/14/2013,1340
5/14/2014,1503
5/14/2015,1379
5/15/1998,1
5/15/2001,1
5/15/2002,1
5/15/2003,1
5/15/2004,1
5/15/2005,3
5/15/2006,7
5/15/2007,49
5/15/2008,1564
5/15/2009,1672
5/15/2010,1481
5/15/2011,1255
5/15/2012,1404
5/15/2013,1515
5/15/2014,1496
5/15/2015,1614
5/16/1965,1
5/16/2000,1
5/16/2002,2
5/16/2003,3
5/16/2004,1
5/16/2005,2
5/16/2006,2
5/16/2007,12
5/16/2008,1472
5/16/2009,1405
5/16/2010,1265
5/16/2011,1279
5/16/2012,1552
5/16/2013,1464
5/16/2014,1549
5/16/2015,1331
5/17/2003,2
5/17/2004,2
5/17/2005,3
5/17/2006,4
5/17/2007,20
5/17/2008,1462
5/17/2009,1232
5/17/2010,1356
5/17/2011,1300
5/17/2012,1545
5/17/2013,1509
5/17/2014,1439
5/17/2015,1283
5/18/1998,1
5/18/2001,1
5/18/2005,1
5/18/2006,4
5/18/2007,23
5/18/2008,1270
5/18/2009,1315
5/18/2010,1233
5/18/2011,1430
5/18/2012,1579
5/18/2013,1329
5/18/2014,1290
5/18/2015,1367
5/19/1990,1
5/19/2001,1
5/19/2003,3
5/19/2004,1
5/19/2005,2
5/19/2006,2
5/19/2007,11
5/19/2008,1261
5/19/2009,1333
5/19/2010,1426
5/19/2011,1513
5/19/2012,1463
5/19/2013,1105
5/19/2014,1358
5/19/2015,1305
5/20/1996,1
5/20/2003,1
5/20/2005,4
5/20/2006,3
5/20/2007,16
5/20/2008,1395
5/20/2009,1583
5/20/2010,1628
5/20/2011,1655
5/20/2012,1403
5/20/2013,1359
5/20/2014,1480
5/20/2015,1472
5/21/1959,1
5/21/1987,1
5/21/1992,1
5/21/2000,1
5/21/2002,2
5/21/2004,1
5/21/2006,1
5/21/2007,15
5/21/2008,1534
5/21/2009,1471
5/21/2010,1681
5/21/2011,1449
5/21/2012,1316
5/21/2013,1446
5/21/2014,1534
5/21/2015,1318
5/22/2001,1
5/22/2003,1
5/22/2004,2
5/22/2005,1
5/22/2006,4
5/22/2007,12
5/22/2008,1491
5/22/2009,1555
5/22/2010,1528
5/22/2011,1243
5/22/2012,1481
5/22/2013,1507
5/22/2014,1385
5/22/2015,1512
5/23/2001,1
5/23/2002,1
5/23/2003,2
5/23/2005,1
5/23/2006,3
5/23/2007,16
5/23/2008,1680
5/23/2009,1461
5/23/2010,1248
5/23/2011,1319
5/23/2012,1501
5/23/2013,1378
5/23/2014,1490
5/23/2015,1338
5/24/1998,1
5/24/2004,1
5/24/2005,2
5/24/2006,2
5/24/2007,12
5/24/2008,1393
5/24/2009,1241
5/24/2010,1362
5/24/2011,1479
5/24/2012,1364
5/24/2013,1429
5/24/2014,1346
5/24/2015,1252
5/25/1999,1
5/25/2001,1
5/25/2002,1
5/25/2003,1
5/25/2005,6
5/25/2006,7
5/25/2007,21
5/25/2008,1284
5/25/2009,1299
5/25/2010,1612
5/25/2011,1520
5/25/2012,1604
5/25/2013,1298
5/25/2014,1285
5/25/2015,1241
5/26/1993,1
5/26/2001,2
5/26/2002,1
5/26/2004,1
5/26/2006,1
5/26/2007,10
5/26/2008,1250
5/26/2009,1390
5/26/2010,1490
5/26/2011,1464
5/26/2012,1439
5/26/2013,1213
5/26/2014,1287
5/26/2015,1395
5/27/2004,1
5/27/2005,1
5/27/2006,3
5/27/2007,8
5/27/2008,1581
5/27/2009,1369
5/27/2010,1475
5/27/2011,1599
5/27/2012,1250
5/27/2013,1245
5/27/2014,1441
5/27/2015,1372
5/28/2001,1
5/28/2003,1
5/28/2005,2
5/28/2007,14
5/28/2008,1572
5/28/2009,1416
5/28/2010,1623
5/28/2011,1427
5/28/2012,1228
5/28/2013,1290
5/28/2014,1509
5/28/2015,1370
5/29/1979,1
5/29/1994,1
5/29/2001,3
5/29/2003,1
5/29/2004,1
5/29/2005,1
5/29/2006,2
5/29/2007,20
5/29/2008,1463
5/29/2009,1561
5/29/2010,1461
5/29/2011,1231
5/29/2012,1475
5/29/2013,1310
5/29/2014,1421
5/29/2015,1447
5/30/1985,1
5/30/1988,1
5/30/1996,1
5/30/1997,1
5/30/2001,1
5/30/2002,1
5/30/2003,1
5/30/2004,2
5/30/2006,6
5/30/2007,20
5/30/2008,1668
5/30/2009,1372
5/30/2010,1317
5/30/2011,1249
5/30/2012,1488
5/30/2013,1347
5/30/2014,1536
5/30/2015,1492
5/31/1997,1
5/31/2000,1
5/31/2001,1
5/31/2002,1
5/31/2004,2
5/31/2005,1
5/31/2006,3
5/31/2007,23
5/31/2008,1349
5/31/2009,1249
5/31/2010,1235
5/31/2011,1354
5/31/2012,1441
5/31/2013,1406
5/31/2014,1402
5/31/2015,1203
6/1/1914,1
6/1/1987,1
6/1/1992,1
6/1/1993,3
6/1/1994,1
6/1/1995,1
6/1/1996,1
6/1/1997,3
6/1/1998,8
6/1/1999,10
6/1/2000,7
6/1/2001,21
6/1/2002,20
6/1/2003,25
6/1/2004,33
6/1/2005,43
6/1/2006,71
6/1/2007,249
6/1/2008,1735
6/1/2009,1729
6/1/2010,1779
6/1/2011,1930
6/1/2012,1906
6/1/2013,1614
6/1/2014,1600
6/1/2015,1466
6/2/1987,1
6/2/2002,1
6/2/2004,3
6/2/2005,2
6/2/2006,2
6/2/2007,28
6/2/2008,1459
6/2/2009,1513
6/2/2010,1524
6/2/2011,1441
6/2/2012,1386
6/2/2013,1313
6/2/2014,1423
6/2/2015,1239
6/3/1995,1
6/3/1997,1
6/3/2000,3
6/3/2001,3
6/3/2003,1
6/3/2004,1
6/3/2005,1
6/3/2006,2
6/3/2007,14
6/3/2008,1641
6/3/2009,1430
6/3/2010,1540
6/3/2011,1581
6/3/2012,1360
6/3/2013,1314
6/3/2014,1381
6/3/2015,1318
6/4/1990,1
6/4/2000,2
6/4/2002,2
6/4/2003,3
6/4/2004,1
6/4/2005,2
6/4/2006,1
6/4/2007,23
6/4/2008,1530
6/4/2009,1279
6/4/2010,1690
6/4/2011,1539
6/4/2012,1220
6/4/2013,1520
6/4/2014,1476
6/4/2015,1311
6/5/1992,1
6/5/2000,1
6/5/2004,3
6/5/2005,3
6/5/2006,6
6/5/2007,27
6/5/2008,1527
6/5/2009,1375
6/5/2010,1518
6/5/2011,1286
6/5/2012,1450
6/5/2013,1474
6/5/2014,1333
6/5/2015,1449
6/6/1997,1
6/6/2001,1
6/6/2003,1
6/6/2005,6
6/6/2006,6
6/6/2007,27
6/6/2008,1721
6/6/2009,1378
6/6/2010,1335
6/6/2011,1286
6/6/2012,1488
6/6/2013,1362
6/6/2014,1533
6/6/2015,1381
6/7/1996,1
6/7/2001,3
6/7/2003,1
6/7/2004,1
6/7/2005,2
6/7/2006,6
6/7/2007,30
6/7/2008,1464
6/7/2009,1340
6/7/2010,1383
6/7/2011,1461
6/7/2012,1402
6/7/2013,1304
6/7/2014,1345
6/7/2015,1246
6/8/2001,1
6/8/2005,2
6/8/2006,6
6/8/2007,19
6/8/2008,1372
6/8/2009,1420
6/8/2010,1492
6/8/2011,1447
6/8/2012,1533
6/8/2013,1275
6/8/2014,1295
6/8/2015,1313
6/9/1999,1
6/9/2001,1
6/9/2003,2
6/9/2004,1
6/9/2006,2
6/9/2007,16
6/9/2008,1332
6/9/2009,1395
6/9/2010,1364
6/9/2011,1335
6/9/2012,1431
6/9/2013,1350
6/9/2014,1303
6/9/2015,1347
6/10/1998,2
6/10/2002,2
6/10/2003,1
6/10/2004,3
6/10/2005,2
6/10/2006,8
6/10/2007,25
6/10/2008,1514
6/10/2009,1527
6/10/2010,1533
6/10/2011,1528
6/10/2012,1426
6/10/2013,1204
6/10/2014,1479
6/10/2015,1428
6/11/1993,1
6/11/2000,1
6/11/2001,2
6/11/2002,2
6/11/2005,2
6/11/2006,2
6/11/2007,19
6/11/2008,1555
6/11/2009,1416
6/11/2010,1653
6/11/2011,1355
6/11/2012,1345
6/11/2013,1307
6/11/2014,1511
6/11/2015,1389
6/12/1973,1
6/12/1980,1
6/12/2000,1
6/12/2002,2
6/12/2006,2
6/12/2007,23
6/12/2008,1581
6/12/2009,1555
6/12/2010,1416
6/12/2011,1309
6/12/2012,1417
6/12/2013,1540
6/12/2014,1523
6/12/2015,1495
6/13/1979,1
6/13/2003,1
6/13/2005,1
6/13/2006,4
6/13/2007,27
6/13/2008,1751
6/13/2009,1471
6/13/2010,1234
6/13/2011,1338
6/13/2012,1461
6/13/2013,1307
6/13/2014,1424
6/13/2015,1356
6/14/1978,1
6/14/1982,1
6/14/2001,1
6/14/2004,2
6/14/2005,3
6/14/2006,5
6/14/2007,23
6/14/2008,1469
6/14/2009,1334
6/14/2010,1347
6/14/2011,1436
6/14/2012,1414
6/14/2013,1459
6/14/2014,1564
6/14/2015,1312
6/15/1974,1
6/15/1997,1
6/15/1999,1
6/15/2000,1
6/15/2002,1
6/15/2004,2
6/15/2005,7
6/15/2006,11
6/15/2007,62
6/15/2008,1297
6/15/2009,1393
6/15/2010,1485
6/15/2011,1634
6/15/2012,1650
6/15/2013,1587
6/15/2014,1380
6/15/2015,1358
6/16/2001,1
6/16/2003,3
6/16/2004,2
6/16/2005,2
6/16/2006,4
6/16/2007,26
6/16/2008,1505
6/16/2009,1510
6/16/2010,1502
6/16/2011,1539
6/16/2012,1475
6/16/2013,1298
6/16/2014,1447
6/16/2015,1406
6/17/1930,1
6/17/1999,1
6/17/2001,2
6/17/2002,1
6/17/2003,1
6/17/2005,4
6/17/2006,4
6/17/2007,10
6/17/2008,1540
6/17/2009,1505
6/17/2010,1554
6/17/2011,1458
6/17/2012,1241
6/17/2013,1349
6/17/2014,1426
6/17/2015,1408
6/18/2000,1
6/18/2001,3
6/18/2004,1
6/18/2005,4
6/18/2007,26
6/18/2008,1513
6/18/2009,1254
6/18/2010,1630
6/18/2011,1436
6/18/2012,1360
6/18/2013,1306
6/18/2014,1499
6/18/2015,1419
6/19/1955,1
6/19/1999,1
6/19/2001,2
6/19/2002,1
6/19/2003,4
6/19/2005,1
6/19/2006,3
6/19/2007,27
6/19/2008,1534
6/19/2009,1574
6/19/2010,1485
6/19/2011,1341
6/19/2012,1418
6/19/2013,1353
6/19/2014,1414
6/19/2015,1486
6/20/1988,1
6/20/1998,1
6/20/2000,1
6/20/2001,2
6/20/2002,2
6/20/2003,1
6/20/2005,4
6/20/2006,5
6/20/2007,32
6/20/2008,1793
6/20/2009,1457
6/20/2010,1356
6/20/2011,1398
6/20/2012,1487
6/20/2013,1447
6/20/2014,1588
6/20/2015,1394
6/21/2000,3
6/21/2002,1
6/21/2005,3
6/21/2006,7
6/21/2007,20
6/21/2008,1556
6/21/2009,1287
6/21/2010,1359
6/21/2011,1491
6/21/2012,1372
6/21/2013,1476
6/21/2014,1494
6/21/2015,1316
6/22/1989,1
6/22/2000,1
6/22/2002,1
6/22/2004,2
6/22/2005,1
6/22/2006,1
6/22/2007,39
6/22/2008,1348
6/22/2009,1441
6/22/2010,1432
6/22/2011,1498
6/22/2012,1466
6/22/2013,1504
6/22/2014,1346
6/22/2015,1433
6/23/2001,1
6/23/2002,2
6/23/2003,3
6/23/2004,1
6/23/2005,1
6/23/2006,1
6/23/2007,9
6/23/2008,1351
6/23/2009,1537
6/23/2010,1518
6/23/2011,1465
6/23/2012,1452
6/23/2013,1353
6/23/2014,1283
6/23/2015,1363
6/24/1999,1
6/24/2000,1
6/24/2001,2
6/24/2002,1
6/24/2004,3
6/24/2005,3
6/24/2006,3
6/24/2007,16
6/24/2008,1618
6/24/2009,1449
6/24/2010,1480
6/24/2011,1527
6/24/2012,1430
6/24/2013,1293
6/24/2014,1398
6/24/2015,1376
6/25/1998,1
6/25/2001,1
6/25/2002,1
6/25/2003,4
6/25/2005,3
6/25/2006,3
6/25/2007,39
6/25/2008,1581
6/25/2009,1505
6/25/2010,1659
6/25/2011,1552
6/25/2012,1322
6/25/2013,1422
6/25/2014,1494
6/25/2015,1529
6/26/1914,1
6/26/1950,1
6/26/2000,1
6/26/2002,1
6/26/2004,1
6/26/2005,2
6/26/2006,8
6/26/2007,27
6/26/2008,1563
6/26/2009,1534
6/26/2010,1493
6/26/2011,1350
6/26/2012,1354
6/26/2013,1549
6/26/2014,1415
6/26/2015,1463
6/27/1911,1
6/27/1999,1
6/27/2002,2
6/27/2004,2
6/27/2005,1
6/27/2006,6
6/27/2007,34
6/27/2008,1577
6/27/2009,1483
6/27/2010,1329
6/27/2011,1388
6/27/2012,1559
6/27/2013,1449
6/27/2014,1491
6/27/2015,1334
6/28/1996,1
6/28/2006,2
6/28/2007,24
6/28/2008,1482
6/28/2009,1429
6/28/2010,1432
6/28/2011,1562
6/28/2012,1449
6/28/2013,1516
6/28/2014,1434
6/28/2015,1185
6/29/1991,1
6/29/1998,1
6/29/2000,1
6/29/2001,1
6/29/2005,1
6/29/2006,4
6/29/2007,25
6/29/2008,1325
6/29/2009,1359
6/29/2010,1501
6/29/2011,1432
6/29/2012,1497
6/29/2013,1475
6/29/2014,1275
6/29/2015,1243
6/30/1998,1
6/30/2000,1
6/30/2001,4
6/30/2003,2
6/30/2004,4
6/30/2005,2
6/30/2006,6
6/30/2007,34
6/30/2008,1363
6/30/2009,1476
6/30/2010,1484
6/30/2011,1448
6/30/2012,1402
6/30/2013,1325
6/30/2014,1308
6/30/2015,1339
7/1/1992,1
7/1/1993,2
7/1/1994,1
7/1/1995,2
7/1/1996,1
7/1/1997,1
7/1/1998,5
7/1/1999,4
7/1/2000,12
7/1/2001,10
7/1/2002,16
7/1/2003,24
7/1/2004,26
7/1/2005,32
7/1/2006,59
7/1/2007,211
7/1/2008,1877
7/1/2009,1789
7/1/2010,1776
7/1/2011,1778
7/1/2012,1654
7/1/2013,1531
7/1/2014,1720
7/1/2015,1698
7/2/1990,1
7/2/2001,1
7/2/2003,1
7/2/2004,2
7/2/2005,2
7/2/2006,5
7/2/2007,42
7/2/2008,1525
7/2/2009,1455
7/2/2010,1495
7/2/2011,1447
7/2/2012,1346
7/2/2013,1394
7/2/2014,1425
7/2/2015,1385
7/3/1979,1
7/3/2000,1
7/3/2001,1
7/3/2004,4
7/3/2006,2
7/3/2007,40
7/3/2008,1567
7/3/2009,1540
7/3/2010,1390
7/3/2011,1236
7/3/2012,1535
7/3/2013,1421
7/3/2014,1482
7/3/2015,1519
7/4/1960,1
7/4/2000,1
7/4/2002,1
7/4/2003,2
7/4/2004,4
7/4/2005,3
7/4/2006,3
7/4/2007,18
7/4/2008,1308
7/4/2009,1526
7/4/2010,1347
7/4/2011,1411
7/4/2012,1541
7/4/2013,1410
7/4/2014,1439
7/4/2015,1355
7/5/1994,1
7/5/1999,1
7/5/2001,2
7/5/2003,1
7/5/2004,2
7/5/2005,4
7/5/2006,8
7/5/2007,31
7/5/2008,1459
7/5/2009,1316
7/5/2010,1319
7/5/2011,1561
7/5/2012,1515
7/5/2013,1524
7/5/2014,1548
7/5/2015,1367
7/6/2001,2
7/6/2002,2
7/6/2004,1
7/6/2005,2
7/6/2006,10
7/6/2007,27
7/6/2008,1249
7/6/2009,1328
7/6/2010,1389
7/6/2011,1410
7/6/2012,1499
7/6/2013,1367
7/6/2014,1354
7/6/2015,1311
7/7/1985,1
7/7/1997,1
7/7/2003,1
7/7/2006,4
7/7/2007,49
7/7/2008,1334
7/7/2009,1420
7/7/2010,1438
7/7/2011,1430
7/7/2012,1438
7/7/2013,1413
7/7/2014,1405
7/7/2015,1439
7/8/1994,1
7/8/1998,1
7/8/2006,2
7/8/2007,20
7/8/2008,1414
7/8/2009,1471
7/8/2010,1457
7/8/2011,1473
7/8/2012,1332
7/8/2013,1388
7/8/2014,1436
7/8/2015,1382
7/9/2001,1
7/9/2003,2
7/9/2005,3
7/9/2006,1
7/9/2007,33
7/9/2008,1482
7/9/2009,1532
7/9/2010,1548
7/9/2011,1374
7/9/2012,1372
7/9/2013,1456
7/9/2014,1431
7/9/2015,1353
7/10/1994,1
7/10/1996,1
7/10/2002,1
7/10/2003,1
7/10/2006,4
7/10/2007,47
7/10/2008,1524
7/10/2009,1505
7/10/2010,1555
7/10/2011,1397
7/10/2012,1463
7/10/2013,1495
7/10/2014,1551
7/10/2015,1369
7/11/1997,1
7/11/2002,5
7/11/2003,1
7/11/2004,2
7/11/2006,3
7/11/2007,28
7/11/2008,1706
7/11/2009,1460
7/11/2010,1294
7/11/2011,1322
7/11/2012,1485
7/11/2013,1477
7/11/2014,1428
7/11/2015,1435
7/12/1988,1
7/12/2000,2
7/12/2001,3
7/12/2002,1
7/12/2005,2
7/12/2006,5
7/12/2007,15
7/12/2008,1460
7/12/2009,1242
7/12/2010,1394
7/12/2011,1621
7/12/2012,1574
7/12/2013,1369
7/12/2014,1453
7/12/2015,1384
7/13/1912,1
7/13/1984,1
7/13/1998,1
7/13/2001,1
7/13/2002,1
7/13/2003,1
7/13/2007,39
7/13/2008,1316
7/13/2009,1314
7/13/2010,1318
7/13/2011,1502
7/13/2012,1563
7/13/2013,1400
7/13/2014,1350
7/13/2015,1331
7/14/2000,1
7/14/2003,1
7/14/2004,1
7/14/2005,3
7/14/2006,6
7/14/2007,35
7/14/2008,1401
7/14/2009,1467
7/14/2010,1447
7/14/2011,1554
7/14/2012,1587
7/14/2013,1332
7/14/2014,1388
7/14/2015,1283
7/15/1989,1
7/15/1992,1
7/15/2000,1
7/15/2001,1
7/15/2002,3
7/15/2003,2
7/15/2004,1
7/15/2005,6
7/15/2006,10
7/15/2007,47
7/15/2008,1504
7/15/2009,1568
7/15/2010,1577
7/15/2011,1657
7/15/2012,1384
7/15/2013,1404
7/15/2014,1372
7/15/2015,1539
7/16/2003,1
7/16/2004,1
7/16/2006,3
7/16/2007,31
7/16/2008,1486
7/16/2009,1503
7/16/2010,1602
7/16/2011,1452
7/16/2012,1359
7/16/2013,1436
7/16/2014,1449
7/16/2015,1430
7/17/1911,1
7/17/1997,1
7/17/2000,1
7/17/2001,1
7/17/2004,1
7/17/2006,2
7/17/2007,35
7/17/2008,1602
7/17/2009,1551
7/17/2010,1502
7/17/2011,1368
7/17/2012,1466
7/17/2013,1477
7/17/2014,1372
7/17/2015,1431
7/18/1972,1
7/18/1991,1
7/18/2001,2
7/18/2003,2
7/18/2004,2
7/18/2005,2
7/18/2006,6
7/18/2007,43
7/18/2008,1623
7/18/2009,1547
7/18/2010,1303
7/18/2011,1327
7/18/2012,1466
7/18/2013,1379
7/18/2014,1436
7/18/2015,1398
7/19/2001,2
7/19/2003,2
7/19/2004,2
7/19/2006,5
7/19/2007,30
7/19/2008,1486
7/19/2009,1431
7/19/2010,1388
7/19/2011,1416
7/19/2012,1448
7/19/2013,1483
7/19/2014,1543
7/19/2015,1247
7/20/2000,2
7/20/2001,3
7/20/2002,1
7/20/2004,2
7/20/2005,2
7/20/2006,2
7/20/2007,42
7/20/2008,1401
7/20/2009,1451
7/20/2010,1569
7/20/2011,1513
7/20/2012,1439
7/20/2013,1529
7/20/2014,1462
7/20/2015,1406
7/21/1992,1
7/21/2000,1
7/21/2001,3
7/21/2003,1
7/21/2004,1
7/21/2005,3
7/21/2006,5
7/21/2007,24
7/21/2008,1402
7/21/2009,1373
7/21/2010,1482
7/21/2011,1458
7/21/2012,1480
7/21/2013,1414
7/21/2014,1368
7/21/2015,1425
7/22/2000,3
7/22/2002,2
7/22/2003,3
7/22/2005,2
7/22/2007,14
7/22/2008,1565
7/22/2009,1510
7/22/2010,1554
7/22/2011,1446
7/22/2012,1406
7/22/2013,1332
7/22/2014,1424
7/22/2015,1487
7/23/2000,1
7/23/2001,2
7/23/2006,3
7/23/2007,32
7/23/2008,1676
7/23/2009,1361
7/23/2010,1498
7/23/2011,1385
7/23/2012,1307
7/23/2013,1379
7/23/2014,1425
7/23/2015,1522
7/24/1942,1
7/24/2001,1
7/24/2002,1
7/24/2003,1
7/24/2006,6
7/24/2007,26
7/24/2008,1521
7/24/2009,1528
7/24/2010,1453
7/24/2011,1376
7/24/2012,1427
7/24/2013,1544
7/24/2014,1456
7/24/2015,1494
7/25/2000,2
7/25/2001,1
7/25/2002,1
7/25/2003,3
7/25/2005,2
7/25/2006,6
7/25/2007,30
7/25/2008,1654
7/25/2009,1453
7/25/2010,1332
7/25/2011,1343
7/25/2012,1569
7/25/2013,1502
7/25/2014,1525
7/25/2015,1527
7/26/1999,1
7/26/2000,1
7/26/2001,1
7/26/2004,2
7/26/2005,1
7/26/2006,4
7/26/2007,38
7/26/2008,1486
7/26/2009,1319
7/26/2010,1353
7/26/2011,1494
7/26/2012,1424
7/26/2013,1487
7/26/2014,1470
7/26/2015,1428
7/27/2000,1
7/27/2003,1
7/27/2004,1
7/27/2005,1
7/27/2006,2
7/27/2007,40
7/27/2008,1354
7/27/2009,1362
7/27/2010,1471
7/27/2011,1502
7/27/2012,1499
7/27/2013,1503
7/27/2014,1424
7/27/2015,1316
7/28/1973,1
7/28/1998,1
7/28/2002,1
7/28/2003,1
7/28/2004,1
7/28/2005,2
7/28/2006,2
7/28/2007,30
7/28/2008,1498
7/28/2009,1551
7/28/2010,1429
7/28/2011,1456
7/28/2012,1490
7/28/2013,1354
7/28/2014,1402
7/28/2015,1344
7/29/2001,1
7/29/2003,1
7/29/2006,1
7/29/2007,26
7/29/2008,1647
7/29/2009,1384
7/29/2010,1576
7/29/2011,1412
7/29/2012,1345
7/29/2013,1322
7/29/2014,1437
7/29/2015,1479
7/30/1981,1
7/30/1985,1
7/30/1993,1
7/30/1996,1
7/30/2004,3
7/30/2006,1
7/30/2007,51
7/30/2008,1560
7/30/2009,1480
7/30/2010,1476
7/30/2011,1465
7/30/2012,1323
7/30/2013,1403
7/30/2014,1429
7/30/2015,1379
7/31/1998,1
7/31/2003,1
7/31/2005,1
7/31/2006,2
7/31/2007,37
7/31/2008,1494
7/31/2009,1491
7/31/2010,1437
7/31/2011,1315
7/31/2012,1472
7/31/2013,1448
7/31/2014,1483
7/31/2015,1471
8/1/1971,1
8/1/1979,1
8/1/1985,1
8/1/1987,1
8/1/1992,1
8/1/1996,2
8/1/1997,1
8/1/1998,2
8/1/1999,1
8/1/2000,6
8/1/2001,12
8/1/2002,9
8/1/2003,13
8/1/2004,22
8/1/2005,37
8/1/2006,69
8/1/2007,305
8/1/2008,1967
8/1/2009,1841
8/1/2010,1624
8/1/2011,1668
8/1/2012,1633
8/1/2013,1538
8/1/2014,1811
8/1/2015,1658
8/2/1913,1
8/2/2000,1
8/2/2001,1
8/2/2002,1
8/2/2003,1
8/2/2004,3
8/2/2005,4
8/2/2006,3
8/2/2007,54
8/2/2008,1588
8/2/2009,1323
8/2/2010,1398
8/2/2011,1402
8/2/2012,1554
8/2/2013,1551
8/2/2014,1443
8/2/2015,1364
8/3/1998,1
8/3/2001,1
8/3/2003,1
8/3/2004,4
8/3/2005,3
8/3/2006,2
8/3/2007,47
8/3/2008,1453
8/3/2009,1316
8/3/2010,1317
8/3/2011,1392
8/3/2012,1560
8/3/2013,1491
8/3/2014,1364
8/3/2015,1397
8/4/1915,2
8/4/1980,1
8/4/2000,2
8/4/2002,5
8/4/2003,1
8/4/2004,1
8/4/2005,4
8/4/2006,5
8/4/2007,37
8/4/2008,1449
8/4/2009,1552
8/4/2010,1409
8/4/2011,1459
8/4/2012,1518
8/4/2013,1283
8/4/2014,1404
8/4/2015,1453
8/5/1999,1
8/5/2002,1
8/5/2003,1
8/5/2004,1
8/5/2005,5
8/5/2006,6
8/5/2007,42
8/5/2008,1540
8/5/2009,1563
8/5/2010,1473
8/5/2011,1535
8/5/2012,1360
8/5/2013,1333
8/5/2014,1434
8/5/2015,1545
8/6/1900,1
8/6/1970,1
8/6/1998,1
8/6/1999,1
8/6/2003,1
8/6/2004,1
8/6/2005,2
8/6/2006,8
8/6/2007,55
8/6/2008,1527
8/6/2009,1528
8/6/2010,1617
8/6/2011,1397
8/6/2012,1366
8/6/2013,1419
8/6/2014,1419
8/6/2015,1448
8/7/1915,1
8/7/2001,1
8/7/2002,2
8/7/2003,1
8/7/2004,2
8/7/2005,2
8/7/2007,72
8/7/2008,1564
8/7/2009,1646
8/7/2010,1437
8/7/2011,1289
8/7/2012,1470
8/7/2013,1375
8/7/2014,1418
8/7/2015,1519
8/8/1991,1
8/8/1994,3
8/8/2001,4
8/8/2004,1
8/8/2005,7
8/8/2006,6
8/8/2007,52
8/8/2008,1659
8/8/2009,1481
8/8/2010,1423
8/8/2011,1281
8/8/2012,1549
8/8/2013,1386
8/8/2014,1535
8/8/2015,1449
8/9/1998,1
8/9/2000,1
8/9/2001,1
8/9/2002,1
8/9/2004,1
8/9/2005,5
8/9/2006,1
8/9/2007,44
8/9/2008,1515
8/9/2009,1388
8/9/2010,1305
8/9/2011,1342
8/9/2012,1533
8/9/2013,1523
8/9/2014,1478
8/9/2015,1323
8/10/1996,1
8/10/1998,1
8/10/2002,3
8/10/2003,2
8/10/2004,1
8/10/2006,4
8/10/2007,59
8/10/2008,1409
8/10/2009,1374
8/10/2010,1564
8/10/2011,1535
8/10/2012,1522
8/10/2013,1520
8/10/2014,1474
8/10/2015,1358
8/11/1989,1
8/11/2000,1
8/11/2002,2
8/11/2003,1
8/11/2004,1
8/11/2005,3
8/11/2006,4
8/11/2007,40
8/11/2008,1385
8/11/2009,1452
8/11/2010,1575
8/11/2011,1525
8/11/2012,1588
8/11/2013,1419
8/11/2014,1394
8/11/2015,1277
8/12/1950,1
8/12/1997,1
8/12/1999,1
8/12/2003,3
8/12/2004,3
8/12/2005,1
8/12/2006,2
8/12/2007,50
8/12/2008,1540
8/12/2009,1516
8/12/2010,1438
8/12/2011,1512
8/12/2012,1525
8/12/2013,1311
8/12/2014,1385
8/12/2015,1505
8/13/1980,1
8/13/1996,1
8/13/1999,1
8/13/2000,2
8/13/2002,1
8/13/2006,4
8/13/2007,58
8/13/2008,1554
8/13/2009,1554
8/13/2010,1509
8/13/2011,1473
8/13/2012,1336
8/13/2013,1401
8/13/2014,1385
8/13/2015,1509
8/14/2001,2
8/14/2003,1
8/14/2005,3
8/14/2006,3
8/14/2007,60
8/14/2008,1446
8/14/2009,1618
8/14/2010,1503
8/14/2011,1035
8/14/2012,1420
8/14/2013,1575
8/14/2014,1555
8/14/2015,1563
8/15/2000,2
8/15/2001,1
8/15/2002,2
8/15/2005,7
8/15/2006,3
8/15/2007,119
8/15/2008,1610
8/15/2009,1617
8/15/2010,1448
8/15/2011,1565
8/15/2012,1423
8/15/2013,1466
8/15/2014,1567
8/15/2015,1515
8/16/1998,1
8/16/2001,1
8/16/2002,2
8/16/2003,3
8/16/2004,3
8/16/2005,1
8/16/2006,3
8/16/2007,50
8/16/2008,1491
8/16/2009,1340
8/16/2010,1334
8/16/2011,1367
8/16/2012,1536
8/16/2013,1554
8/16/2014,1503
8/16/2015,1353
8/17/1972,1
8/17/2000,1
8/17/2001,1
8/17/2004,1
8/17/2005,4
8/17/2006,6
8/17/2007,56
8/17/2008,1487
8/17/2009,1439
8/17/2010,1438
8/17/2011,1408
8/17/2012,1593
8/17/2013,1455
8/17/2014,1413
8/17/2015,1308
8/18/1980,1
8/18/1995,1
8/18/2001,1
8/18/2004,1
8/18/2005,2
8/18/2006,3
8/18/2007,43
8/18/2008,1406
8/18/2009,1443
8/18/2010,1453
8/18/2011,1375
8/18/2012,1379
8/18/2013,1334
8/18/2014,1309
8/18/2015,1403
8/19/1986,1
8/19/2001,1
8/19/2002,1
8/19/2003,1
8/19/2004,1
8/19/2005,1
8/19/2006,4
8/19/2007,41
8/19/2008,1562
8/19/2009,1500
8/19/2010,1418
8/19/2011,1464
8/19/2012,1337
8/19/2013,1270
8/19/2014,1424
8/19/2015,1480
8/20/1915,1
8/20/1989,1
8/20/2000,1
8/20/2001,2
8/20/2002,3
8/20/2003,3
8/20/2004,1
8/20/2005,1
8/20/2006,10
8/20/2007,89
8/20/2008,1609
8/20/2009,1634
8/20/2010,1527
8/20/2011,1518
8/20/2012,1472
8/20/2013,1380
8/20/2014,1507
8/20/2015,1517
8/21/1994,1
8/21/2001,2
8/21/2003,1
8/21/2004,1
8/21/2005,2
8/21/2006,4
8/21/2007,59
8/21/2008,1489
8/21/2009,1512
8/21/2010,1447
8/21/2011,1294
8/21/2012,1449
8/21/2013,1393
8/21/2014,1450
8/21/2015,1497
8/22/1911,1
8/22/2000,2
8/22/2002,1
8/22/2003,1
8/22/2004,2
8/22/2005,3
8/22/2006,4
8/22/2007,65
8/22/2008,1601
8/22/2009,1479
8/22/2010,1228
8/22/2011,1518
8/22/2012,1426
8/22/2013,1360
8/22/2014,1369
8/22/2015,1474
8/23/2001,1
8/23/2002,1
8/23/2003,3
8/23/2004,1
8/23/2006,3
8/23/2007,76
8/23/2008,1485
8/23/2009,1365
8/23/2010,1200
8/23/2011,1435
8/23/2012,1518
8/23/2013,1557
8/23/2014,1489
8/23/2015,1347
8/24/1914,1
8/24/1996,3
8/24/2000,1
8/24/2002,1
8/24/2003,1
8/24/2004,2
8/24/2005,1
8/24/2006,4
8/24/2007,84
8/24/2008,1408
8/24/2009,1374
8/24/2010,1371
8/24/2011,1439
8/24/2012,1626
8/24/2013,1594
8/24/2014,1381
8/24/2015,1365
8/25/1998,1
8/25/2001,3
8/25/2002,2
8/25/2004,3
8/25/2005,3
8/25/2006,3
8/25/2007,77
8/25/2008,1414
8/25/2009,1550
8/25/2010,1408
8/25/2011,1405
8/25/2012,1482
8/25/2013,1303
8/25/2014,1310
8/25/2015,1408
8/26/2004,2
8/26/2005,2
8/26/2006,7
8/26/2007,59
8/26/2008,1495
8/26/2009,1562
8/26/2010,1442
8/26/2011,1424
8/26/2012,1391
8/26/2013,1310
8/26/2014,1408
8/26/2015,1435
8/27/2001,1
8/27/2002,2
8/27/2003,2
8/27/2004,2
8/27/2005,2
8/27/2007,111
8/27/2008,1470
8/27/2009,1569
8/27/2010,1515
8/27/2011,1024
8/27/2012,1256
8/27/2013,1380
8/27/2014,1438
8/27/2015,1359
8/28/2000,1
8/28/2002,3
8/28/2003,2
8/28/2005,1
8/28/2006,4
8/28/2007,85
8/28/2008,1594
8/28/2009,1428
8/28/2010,1393
8/28/2011,738
8/28/2012,1419
8/28/2013,1452
8/28/2014,1489
8/28/2015,1492
8/29/1914,1
8/29/1982,1
8/29/1994,1
8/29/1997,1
8/29/2001,2
8/29/2003,1
8/29/2004,2
8/29/2005,1
8/29/2006,1
8/29/2007,86
8/29/2008,1497
8/29/2009,1426
8/29/2010,1368
8/29/2011,1348
8/29/2012,1436
8/29/2013,1366
8/29/2014,1488
8/29/2015,1430
8/30/1981,1
8/30/1999,2
8/30/2001,2
8/30/2004,1
8/30/2005,3
8/30/2006,5
8/30/2007,135
8/30/2008,1530
8/30/2009,1306
8/30/2010,1366
8/30/2011,1437
8/30/2012,1448
8/30/2013,1525
8/30/2014,1497
8/30/2015,1313
8/31/1981,1
8/31/2000,2
8/31/2002,1
8/31/2003,1
8/31/2004,1
8/31/2005,2
8/31/2006,6
8/31/2007,128
8/31/2008,1351
8/31/2009,1345
8/31/2010,1359
8/31/2011,1353
8/31/2012,1436
8/31/2013,1471
8/31/2014,1284
8/31/2015,1258
9/1/1913,1
9/1/1977,1
9/1/1981,1
9/1/1994,1
9/1/1995,4
9/1/1996,1
9/1/1997,1
9/1/1998,4
9/1/1999,9
9/1/2000,13
9/1/2001,9
9/1/2002,16
9/1/2003,20
9/1/2004,39
9/1/2005,32
9/1/2006,81
9/1/2007,399
9/1/2008,1593
9/1/2009,1816
9/1/2010,1824
9/1/2011,1765
9/1/2012,1829
9/1/2013,1640
9/1/2014,1656
9/1/2015,1626
9/2/1913,1
9/2/1999,1
9/2/2001,2
9/2/2002,2
9/2/2005,7
9/2/2006,3
9/2/2007,85
9/2/2008,1515
9/2/2009,1492
9/2/2010,1516
9/2/2011,1462
9/2/2012,1336
9/2/2013,1359
9/2/2014,1475
9/2/2015,1412
9/3/2002,1
9/3/2004,1
9/3/2005,2
9/3/2006,1
9/3/2007,123
9/3/2008,1494
9/3/2009,1383
9/3/2010,1609
9/3/2011,1432
9/3/2012,1382
9/3/2013,1401
9/3/2014,1467
9/3/2015,1421
9/4/1985,1
9/4/1993,1
9/4/2004,3
9/4/2005,2
9/4/2006,6
9/4/2007,196
9/4/2008,1494
9/4/2009,1587
9/4/2010,1553
9/4/2011,1312
9/4/2012,1332
9/4/2013,1445
9/4/2014,1453
9/4/2015,1509
9/5/1974,1
9/5/2000,1
9/5/2001,2
9/5/2002,2
9/5/2003,1
9/5/2004,2
9/5/2005,5
9/5/2006,6
9/5/2007,185
9/5/2008,1756
9/5/2009,1549
9/5/2010,1394
9/5/2011,1298
9/5/2012,1380
9/5/2013,1421
9/5/2014,1575
9/5/2015,1446
9/6/1940,1
9/6/2001,2
9/6/2002,1
9/6/2003,1
9/6/2004,1
9/6/2005,5
9/6/2006,6
9/6/2007,189
9/6/2008,1312
9/6/2009,1341
9/6/2010,1291
9/6/2011,1139
9/6/2012,1377
9/6/2013,1416
9/6/2014,1472
9/6/2015,1324
9/7/2001,1
9/7/2003,2
9/7/2005,7
9/7/2006,2
9/7/2007,355
9/7/2008,1324
9/7/2009,1251
9/7/2010,1431
9/7/2011,1168
9/7/2012,1527
9/7/2013,1495
9/7/2014,1347
9/7/2015,1225
9/8/1997,1
9/8/2000,1
9/8/2001,1
9/8/2002,2
9/8/2003,2
9/8/2004,1
9/8/2006,4
9/8/2007,535
9/8/2008,1462
9/8/2009,1419
9/8/2010,1618
9/8/2011,1348
9/8/2012,1411
9/8/2013,1328
9/8/2014,1334
9/8/2015,1290
9/9/1990,1
9/9/1998,1
9/9/2000,1
9/9/2001,1
9/9/2002,2
9/9/2004,7
9/9/2005,4
9/9/2006,1
9/9/2007,1475
9/9/2008,1436
9/9/2009,1445
9/9/2010,1484
9/9/2011,1515
9/9/2012,1321
9/9/2013,1316
9/9/2014,1334
9/9/2015,1439
9/10/1999,3
9/10/2001,3
9/10/2002,2
9/10/2003,3
9/10/2004,1
9/10/2006,4
9/10/2007,1518
9/10/2008,1519
9/10/2009,1455
9/10/2010,1623
9/10/2011,1396
9/10/2012,1281
9/10/2013,1376
9/10/2014,1445
9/10/2015,1277
9/11/1990,1
9/11/2000,1
9/11/2001,1
9/11/2002,1
9/11/2003,4
9/11/2004,2
9/11/2005,2
9/11/2006,8
9/11/2007,1476
9/11/2008,1523
9/11/2009,1327
9/11/2010,1616
9/11/2011,1184
9/11/2012,1362
9/11/2013,1450
9/11/2014,1471
9/11/2015,1483
9/12/2001,2
9/12/2002,1
9/12/2003,2
9/12/2005,5
9/12/2006,9
9/12/2007,1732
9/12/2008,1600
9/12/2009,1468
9/12/2010,1256
9/12/2011,1260
9/12/2012,1544
9/12/2013,1405
9/12/2014,1507
9/12/2015,1429
9/13/1986,2
9/13/1996,1
9/13/1997,1
9/13/2000,1
9/13/2001,2
9/13/2004,2
9/13/2005,3
9/13/2006,8
9/13/2007,1521
9/13/2008,1556
9/13/2009,1341
9/13/2010,1234
9/13/2011,1369
9/13/2012,1472
9/13/2013,1535
9/13/2014,1346
9/13/2015,1238
9/14/1967,1
9/14/2001,1
9/14/2002,1
9/14/2004,1
9/14/2005,2
9/14/2006,2
9/14/2007,1657
9/14/2008,1438
9/14/2009,1329
9/14/2010,1397
9/14/2011,1469
9/14/2012,1550
9/14/2013,1400
9/14/2014,1312
9/14/2015,1257
9/15/1985,1
9/15/1996,1
9/15/2000,1
9/15/2003,1
9/15/2004,5
9/15/2005,4
9/15/2006,10
9/15/2007,1622
9/15/2008,1560
9/15/2009,1537
9/15/2010,1587
9/15/2011,1420
9/15/2012,1571
9/15/2013,1422
9/15/2014,1410
9/15/2015,1409
9/16/1999,1
9/16/2002,2
9/16/2005,3
9/16/2006,4
9/16/2007,1408
9/16/2008,1488
9/16/2009,1535
9/16/2010,1349
9/16/2011,1475
9/16/2012,1218
9/16/2013,1290
9/16/2014,1401
9/16/2015,1377
9/17/1996,1
9/17/1999,1
9/17/2003,1
9/17/2006,5
9/17/2007,1402
9/17/2008,1538
9/17/2009,1585
9/17/2010,1563
9/17/2011,1284
9/17/2012,1343
9/17/2013,1397
9/17/2014,1458
9/17/2015,1372
9/18/2000,1
9/18/2001,3
9/18/2003,1
9/18/2004,2
9/18/2005,1
9/18/2006,4
9/18/2007,1479
9/18/2008,1623
9/18/2009,1690
9/18/2010,1508
9/18/2011,1174
9/18/2012,1265
9/18/2013,1428
9/18/2014,1489
9/18/2015,1564
9/19/1996,1
9/19/2000,1
9/19/2002,1
9/19/2005,2
9/19/2006,3
9/19/2007,1595
9/19/2008,1668
9/19/2009,1438
9/19/2010,1424
9/19/2011,1310
9/19/2012,1386
9/19/2013,1539
9/19/2014,1565
9/19/2015,1501
9/20/1910,1
9/20/1915,1
9/20/1969,1
9/20/1979,1
9/20/2001,1
9/20/2002,2
9/20/2004,3
9/20/2005,6
9/20/2006,4
9/20/2007,1646
9/20/2008,1590
9/20/2009,1280
9/20/2010,1333
9/20/2011,1359
9/20/2012,1499
9/20/2013,1679
9/20/2014,1633
9/20/2015,1358
9/21/1968,1
9/21/1982,1
9/21/1995,1
9/21/2001,2
9/21/2002,2
9/21/2003,1
9/21/2004,2
9/21/2005,4
9/21/2006,3
9/21/2007,1762
9/21/2008,1329
9/21/2009,1434
9/21/2010,1499
9/21/2011,1516
9/21/2012,1600
9/21/2013,1458
9/21/2014,1285
9/21/2015,1280
9/22/1992,1
9/22/2000,2
9/22/2001,1
9/22/2002,1
9/22/2003,1
9/22/2005,3
9/22/2006,3
9/22/2007,1565
9/22/2008,1366
9/22/2009,1465
9/22/2010,1456
9/22/2011,1467
9/22/2012,1540
9/22/2013,1303
9/22/2014,1341
9/22/2015,1471
9/23/1915,1
9/23/1920,1
9/23/1997,1
9/23/2000,1
9/23/2001,2
9/23/2002,1
9/23/2003,4
9/23/2004,1
9/23/2005,4
9/23/2006,6
9/23/2007,1488
9/23/2008,1460
9/23/2009,1516
9/23/2010,1574
9/23/2011,1413
9/23/2012,1339
9/23/2013,1370
9/23/2014,1347
9/23/2015,1369
9/24/2000,1
9/24/2001,1
9/24/2002,1
9/24/2004,2
9/24/2005,3
9/24/2007,1489
9/24/2008,1536
9/24/2009,1541
9/24/2010,1623
9/24/2011,1392
9/24/2012,1246
9/24/2013,1411
9/24/2014,1451
9/24/2015,1220
9/25/2001,1
9/25/2002,1
9/25/2003,3
9/25/2005,3
9/25/2006,9
9/25/2007,1575
9/25/2008,1488
9/25/2009,1608
9/25/2010,1578
9/25/2011,1381
9/25/2012,1481
9/25/2013,1497
9/25/2014,1232
9/25/2015,1335
9/26/2004,1
9/26/2005,3
9/26/2006,5
9/26/2007,1667
9/26/2008,1472
9/26/2009,1394
9/26/2010,1329
9/26/2011,1364
9/26/2012,1397
9/26/2013,1461
9/26/2014,1424
9/26/2015,1305
9/27/1910,1
9/27/1914,1
9/27/2000,2
9/27/2002,1
9/27/2004,1
9/27/2005,2
9/27/2006,5
9/27/2007,1663
9/27/2008,1435
9/27/2009,1271
9/27/2010,1309
9/27/2011,1482
9/27/2012,1432
9/27/2013,1597
9/27/2014,1463
9/27/2015,1227
9/28/1968,1
9/28/2001,3
9/28/2002,2
9/28/2004,3
9/28/2005,4
9/28/2006,2
9/28/2007,1751
9/28/2008,1377
9/28/2009,1255
9/28/2010,1426
9/28/2011,1478
9/28/2012,1488
9/28/2013,1511
9/28/2014,1354
9/28/2015,1279
9/29/1997,1
9/29/2003,1
9/29/2004,4
9/29/2005,2
9/29/2006,3
9/29/2007,1590
9/29/2008,1432
9/29/2009,1351
9/29/2010,1554
9/29/2011,1356
9/29/2012,1445
9/29/2013,1431
9/29/2014,1363
9/29/2015,1280
9/30/1997,1
9/30/2002,3
9/30/2003,3
9/30/2005,5
9/30/2006,4
9/30/2007,1413
9/30/2008,1431
9/30/2009,1451
9/30/2010,1460
9/30/2011,1431
9/30/2012,1248
9/30/2013,1433
9/30/2014,1352
9/30/2015,1343
10/1/1911,1
10/1/1969,1
10/1/1982,1
10/1/1985,1
10/1/1989,2
10/1/1994,1
10/1/1995,5
10/1/1996,2
10/1/1997,4
10/1/1998,7
10/1/1999,2
10/1/2000,8
10/1/2001,13
10/1/2002,15
10/1/2003,16
10/1/2004,16
10/1/2005,30
10/1/2006,50
10/1/2007,1809
10/1/2008,1744
10/1/2009,1743
10/1/2010,1829
10/1/2011,1632
10/1/2012,1617
10/1/2013,1694
10/1/2014,1690
10/1/2015,1452
10/2/2000,1
10/2/2002,1
10/2/2004,2
10/2/2005,1
10/2/2006,11
10/2/2007,1574
10/2/2008,1539
10/2/2009,1618
10/2/2010,1556
10/2/2011,1170
10/2/2012,1365
10/2/2013,1511
10/2/2014,1428
10/2/2015,1171
10/3/2000,1
10/3/2002,1
10/3/2003,3
10/3/2004,3
10/3/2005,3
10/3/2006,5
10/3/2007,1623
10/3/2008,1637
10/3/2009,1510
10/3/2010,1287
10/3/2011,1204
10/3/2012,1575
10/3/2013,1567
10/3/2014,1470
10/3/2015,1170
10/4/1975,1
10/4/2001,2
10/4/2002,1
10/4/2003,2
10/4/2004,3
10/4/2005,2
10/4/2006,9
10/4/2007,1652
10/4/2008,1466
10/4/2009,1371
10/4/2010,1182
10/4/2011,1304
10/4/2012,1519
10/4/2013,1710
10/4/2014,1421
10/4/2015,1302
10/5/2001,1
10/5/2002,2
10/5/2005,5
10/5/2006,8
10/5/2007,1786
10/5/2008,1256
10/5/2009,1386
10/5/2010,1537
10/5/2011,1463
10/5/2012,1683
10/5/2013,1533
10/5/2014,1307
10/5/2015,1330
10/6/2003,2
10/6/2005,3
10/6/2006,14
10/6/2007,1542
10/6/2008,1329
10/6/2009,1510
10/6/2010,1532
10/6/2011,1361
10/6/2012,1521
10/6/2013,1372
10/6/2014,1325
10/6/2015,1401
10/7/2000,2
10/7/2002,2
10/7/2003,3
10/7/2004,2
10/7/2005,1
10/7/2006,1
10/7/2007,1437
10/7/2008,1414
10/7/2009,1424
10/7/2010,1506
10/7/2011,1547
10/7/2012,1192
10/7/2013,1328
10/7/2014,1393
10/7/2015,1327
10/8/2002,1
10/8/2003,1
10/8/2004,2
10/8/2005,4
10/8/2006,6
10/8/2007,1267
10/8/2008,1525
10/8/2009,1519
10/8/2010,1607
10/8/2011,1359
10/8/2012,1194
10/8/2013,1413
10/8/2014,1432
10/8/2015,1342
10/9/1929,1
10/9/1970,1
10/9/1998,1
10/9/2000,1
10/9/2002,1
10/9/2005,3
10/9/2006,4
10/9/2007,1603
10/9/2008,1472
10/9/2009,1570
10/9/2010,1558
10/9/2011,1279
10/9/2012,1378
10/9/2013,1427
10/9/2014,1463
10/9/2015,1455
10/10/1967,1
10/10/1974,1
10/10/1975,1
10/10/1990,1
10/10/1994,1
10/10/1996,1
10/10/1999,1
10/10/2000,1
10/10/2001,1
10/10/2002,1
10/10/2003,2
10/10/2004,3
10/10/2005,5
10/10/2006,10
10/10/2007,1658
10/10/2008,1771
10/10/2009,1518
10/10/2010,1388
10/10/2011,1326
10/10/2012,1379
10/10/2013,1478
10/10/2014,1509
10/10/2015,1321
10/11/1998,1
10/11/2001,1
10/11/2002,1
10/11/2005,3
10/11/2006,4
10/11/2007,1470
10/11/2008,1470
10/11/2009,1269
10/11/2010,1246
10/11/2011,1437
10/11/2012,1426
10/11/2013,1552
10/11/2014,1313
10/11/2015,1310
10/12/2000,1
10/12/2001,4
10/12/2002,1
10/12/2004,2
10/12/2005,1
10/12/2006,3
10/12/2007,1651
10/12/2008,1338
10/12/2009,1161
10/12/2010,1467
10/12/2011,1346
10/12/2012,1511
10/12/2013,1540
10/12/2014,1306
10/12/2015,1189
10/13/1987,1
10/13/1994,1
10/13/1998,1
10/13/2000,2
10/13/2004,3
10/13/2005,2
10/13/2006,6
10/13/2007,1516
10/13/2008,1264
10/13/2009,1437
10/13/2010,1516
10/13/2011,1415
10/13/2012,1399
10/13/2013,1319
10/13/2014,1189
10/13/2015,1337
10/14/2001,2
10/14/2004,2
10/14/2005,4
10/14/2006,5
10/14/2007,1314
10/14/2008,1555
10/14/2009,1447
10/14/2010,1539
10/14/2011,1379
10/14/2012,1229
10/14/2013,1239
10/14/2014,1558
10/14/2015,1365
10/15/1989,1
10/15/1993,1
10/15/1996,1
10/15/2000,1
10/15/2001,2
10/15/2002,2
10/15/2003,3
10/15/2004,1
10/15/2005,4
10/15/2006,12
10/15/2007,1443
10/15/2008,1638
10/15/2009,1353
10/15/2010,1632
10/15/2011,1271
10/15/2012,1319
10/15/2013,1461
10/15/2014,1565
10/15/2015,1459
10/16/2002,1
10/16/2004,3
10/16/2006,7
10/16/2007,1530
10/16/2008,1517
10/16/2009,1473
10/16/2010,1437
10/16/2011,1242
10/16/2012,1336
10/16/2013,1351
10/16/2014,1414
10/16/2015,1484
10/17/2001,1
10/17/2002,1
10/17/2005,1
10/17/2006,6
10/17/2007,1644
10/17/2008,1659
10/17/2009,1421
10/17/2010,1288
10/17/2011,1325
10/17/2012,1456
10/17/2013,1467
10/17/2014,1674
10/17/2015,1229
10/18/2001,2
10/18/2004,1
10/18/2006,6
10/18/2007,1658
10/18/2008,1488
10/18/2009,1119
10/18/2010,1328
10/18/2011,1421
10/18/2012,1487
10/18/2013,1445
10/18/2014,1575
10/18/2015,1103
10/19/2001,2
10/19/2003,1
10/19/2004,3
10/19/2005,2
10/19/2006,4
10/19/2007,1628
10/19/2008,1230
10/19/2009,1241
10/19/2010,1390
10/19/2011,1379
10/19/2012,1491
10/19/2013,1373
10/19/2014,1283
10/19/2015,1184
10/20/1974,1
10/20/1995,1
10/20/1997,1
10/20/2000,1
10/20/2001,1
10/20/2003,1
10/20/2005,7
10/20/2006,8
10/20/2007,1693
10/20/2008,1427
10/20/2009,1480
10/20/2010,1643
10/20/2011,1560
10/20/2012,1593
10/20/2013,1321
10/20/2014,1377
10/20/2015,1369
10/21/1960,1
10/21/2001,2
10/21/2002,2
10/21/2003,1
10/21/2004,1
10/21/2005,3
10/21/2006,1
10/21/2007,1461
10/21/2008,1474
10/21/2009,1623
10/21/2010,1523
10/21/2011,1556
10/21/2012,1196
10/21/2013,1349
10/21/2014,1379
10/21/2015,1393
10/22/1975,1
10/22/1981,1
10/22/1999,1
10/22/2001,3
10/22/2004,2
10/22/2005,1
10/22/2007,1514
10/22/2008,1364
10/22/2009,1544
10/22/2010,1602
10/22/2011,1398
10/22/2012,1306
10/22/2013,1337
10/22/2014,1289
10/22/2015,1384
10/23/1913,1
10/23/1945,1
10/23/1992,1
10/23/2000,1
10/23/2001,1
10/23/2002,1
10/23/2003,2
10/23/2004,1
10/23/2005,1
10/23/2006,1
10/23/2007,1750
10/23/2008,1405
10/23/2009,1659
10/23/2010,1561
10/23/2011,1253
10/23/2012,1367
10/23/2013,1414
10/23/2014,1226
10/23/2015,1363
10/24/1975,1
10/24/2000,1
10/24/2004,1
10/24/2005,2
10/24/2006,7
10/24/2007,1489
10/24/2008,1689
10/24/2009,1348
10/24/2010,1314
10/24/2011,1309
10/24/2012,1349
10/24/2013,1363
10/24/2014,1545
10/24/2015,1268
10/25/1977,1
10/25/1996,1
10/25/2002,1
10/25/2003,1
10/25/2005,6
10/25/2006,7
10/25/2007,1581
10/25/2008,1450
10/25/2009,1315
10/25/2010,1382
10/25/2011,1345
10/25/2012,1336
10/25/2013,1474
10/25/2014,1549
10/25/2015,1233
10/26/1994,1
10/26/2001,1
10/26/2002,1
10/26/2003,1
10/26/2005,3
10/26/2006,14
10/26/2007,1564
10/26/2008,1236
10/26/2009,1350
10/26/2010,1490
10/26/2011,1411
10/26/2012,1435
10/26/2013,1370
10/26/2014,1314
10/26/2015,1184
10/27/1980,1
10/27/2000,1
10/27/2004,2
10/27/2006,3
10/27/2007,1462
10/27/2008,1362
10/27/2009,1373
10/27/2010,1504
10/27/2011,1216
10/27/2012,1406
10/27/2013,1233
10/27/2014,1339
10/27/2015,1205
10/28/1999,2
10/28/2000,1
10/28/2002,2
10/28/2003,3
10/28/2004,1
10/28/2005,4
10/28/2006,3
10/28/2007,1293
10/28/2008,1176
10/28/2009,1326
10/28/2010,1550
10/28/2011,1476
10/28/2012,1170
10/28/2013,1346
10/28/2014,1425
10/28/2015,1084
10/29/2000,1
10/29/2003,1
10/29/2004,1
10/29/2005,4
10/29/2006,3
10/29/2007,1308
10/29/2008,1416
10/29/2009,1432
10/29/2010,1661
10/29/2011,1097
10/29/2012,761
10/29/2013,1341
10/29/2014,1359
10/29/2015,1331
10/30/1970,1
10/30/1986,1
10/30/1999,1
10/30/2000,2
10/30/2001,1
10/30/2002,1
10/30/2004,4
10/30/2005,2
10/30/2006,3
10/30/2007,1498
10/30/2008,1469
10/30/2009,1639
10/30/2010,1381
10/30/2011,1110
10/30/2012,832
10/30/2013,1495
10/30/2014,1336
10/30/2015,1386
10/31/1967,1
10/31/1981,1
10/31/2000,1
10/31/2001,1
10/31/2002,2
10/31/2003,2
10/31/2005,4
10/31/2006,6
10/31/2007,1653
10/31/2008,1608
10/31/2009,1538
10/31/2010,1390
10/31/2011,1389
10/31/2012,1072
10/31/2013,1562
10/31/2014,1515
10/31/2015,1452
11/1/1983,1
11/1/1992,1
11/1/1993,1
11/1/1994,1
11/1/1995,1
11/1/1996,2
11/1/1997,2
11/1/1999,4
11/1/2000,8
11/1/2001,15
11/1/2002,16
11/1/2003,17
11/1/2004,24
11/1/2005,34
11/1/2006,94
11/1/2007,1904
11/1/2008,1843
11/1/2009,1644
11/1/2010,1481
11/1/2011,1719
11/1/2012,1236
11/1/2013,1818
11/1/2014,1464
11/1/2015,1463
11/2/2001,1
11/2/2002,3
11/2/2003,1
11/2/2004,3
11/2/2005,4
11/2/2006,10
11/2/2007,1629
11/2/2008,1219
11/2/2009,1414
11/2/2010,1243
11/2/2011,1369
11/2/2012,1015
11/2/2013,1499
11/2/2014,1158
11/2/2015,1170
11/3/1997,1
11/3/2001,2
11/3/2003,3
11/3/2004,2
11/3/2005,2
11/3/2006,2
11/3/2007,1463
11/3/2008,1303
11/3/2009,1329
11/3/2010,1455
11/3/2011,1423
11/3/2012,1060
11/3/2013,1210
11/3/2014,1259
11/3/2015,1241
11/4/1984,1
11/4/2002,3
11/4/2003,1
11/4/2004,6
11/4/2005,2
11/4/2006,2
11/4/2007,1329
11/4/2008,1212
11/4/2009,1430
11/4/2010,1305
11/4/2011,1514
11/4/2012,1061
11/4/2013,1185
11/4/2014,1336
11/4/2015,1410
11/5/1998,1
11/5/2001,1
11/5/2005,6
11/5/2006,6
11/5/2007,1428
11/5/2008,1444
11/5/2009,1432
11/5/2010,1571
11/5/2011,1392
11/5/2012,1022
11/5/2013,1249
11/5/2014,1392
11/5/2015,1332
11/6/2000,1
11/6/2001,2
11/6/2002,2
11/6/2006,5
11/6/2007,1342
11/6/2008,1459
11/6/2009,1508
11/6/2010,1412
11/6/2011,1154
11/6/2012,954
11/6/2013,1356
11/6/2014,1248
11/6/2015,1392
11/7/2001,1
11/7/2002,3
11/7/2003,2
11/7/2004,2
11/7/2005,2
11/7/2006,3
11/7/2007,1432
11/7/2008,1632
11/7/2009,1400
11/7/2010,1241
11/7/2011,1508
11/7/2012,877
11/7/2013,1376
11/7/2014,1441
11/7/2015,1357
11/8/2000,1
11/8/2001,1
11/8/2002,3
11/8/2003,1
11/8/2004,1
11/8/2005,2
11/8/2006,5
11/8/2007,1475
11/8/2008,1454
11/8/2009,1273
11/8/2010,1191
11/8/2011,1294
11/8/2012,1042
11/8/2013,1506
11/8/2014,1400
11/8/2015,1123
11/9/1908,1
11/9/1909,1
11/9/1994,1
11/9/1999,1
11/9/2001,1
11/9/2002,1
11/9/2003,3
11/9/2004,1
11/9/2005,3
11/9/2006,3
11/9/2007,1562
11/9/2008,1280
11/9/2009,1360
11/9/2010,1408
11/9/2011,1472
11/9/2012,1294
11/9/2013,1431
11/9/2014,1230
11/9/2015,1213
11/10/1997,1
11/10/1999,1
11/10/2002,1
11/10/2003,1
11/10/2004,1
11/10/2005,1
11/10/2006,7
11/10/2007,1433
11/10/2008,1321
11/10/2009,1547
11/10/2010,1559
11/10/2011,1485
11/10/2012,1294
11/10/2013,1309
11/10/2014,1342
11/10/2015,1224
11/11/1999,2
11/11/2004,1
11/11/2006,2
11/11/2007,1284
11/11/2008,1331
11/11/2009,1378
11/11/2010,1333
11/11/2011,1402
11/11/2012,1164
11/11/2013,1161
11/11/2014,1311
11/11/2015,1241
11/12/2001,1
11/12/2002,1
11/12/2003,2
11/12/2004,1
11/12/2006,6
11/12/2007,1243
11/12/2008,1440
11/12/2009,1321
11/12/2010,1635
11/12/2011,1391
11/12/2012,1199
11/12/2013,1284
11/12/2014,1379
11/12/2015,1323
11/13/1973,1
11/13/1998,1
11/13/2000,2
11/13/2001,1
11/13/2002,2
11/13/2003,1
11/13/2004,1
11/13/2006,4
11/13/2007,1530
11/13/2008,1326
11/13/2009,1512
11/13/2010,1532
11/13/2011,1212
11/13/2012,1199
11/13/2013,1389
11/13/2014,1236
11/13/2015,1362
11/14/2000,2
11/14/2001,1
11/14/2002,2
11/14/2003,1
11/14/2005,3
11/14/2006,4
11/14/2007,1481
11/14/2008,1588
11/14/2009,1316
11/14/2010,1216
11/14/2011,1373
11/14/2012,1296
11/14/2013,1482
11/14/2014,1309
11/14/2015,1186
11/15/1997,1
11/15/2000,2
11/15/2002,1
11/15/2003,1
11/15/2004,4
11/15/2005,6
11/15/2006,11
11/15/2007,1526
11/15/2008,1424
11/15/2009,1349
11/15/2010,1380
11/15/2011,1411
11/15/2012,1386
11/15/2013,1612
11/15/2014,1283
11/15/2015,1198
11/16/1910,1
11/16/1990,1
11/16/1991,1
11/16/2004,1
11/16/2005,2
11/16/2006,6
11/16/2007,1549
11/16/2008,1181
11/16/2009,1398
11/16/2010,1359
11/16/2011,1296
11/16/2012,1408
11/16/2013,1500
11/16/2014,1174
11/16/2015,1220
11/17/1999,1
11/17/2003,1
11/17/2004,1
11/17/2005,2
11/17/2006,2
11/17/2007,1419
11/17/2008,1295
11/17/2009,1520
11/17/2010,1489
11/17/2011,1349
11/17/2012,1245
11/17/2013,1304
11/17/2014,1081
11/17/2015,1287
11/18/1996,1
11/18/2002,1
11/18/2003,1
11/18/2004,3
11/18/2005,2
11/18/2006,7
11/18/2007,1329
11/18/2008,1361
11/18/2009,1484
11/18/2010,1566
11/18/2011,1455
11/18/2012,1126
11/18/2013,1393
11/18/2014,1203
11/18/2015,1263
11/19/1955,1
11/19/1960,1
11/19/1997,1
11/19/2001,1
11/19/2002,6
11/19/2003,3
11/19/2004,3
11/19/2005,2
11/19/2006,2
11/19/2007,1279
11/19/2008,1430
11/19/2009,1481
11/19/2010,1580
11/19/2011,1420
11/19/2012,1201
11/19/2013,1283
11/19/2014,1177
11/19/2015,1246
11/20/1989,1
11/20/2000,1
11/20/2002,2
11/20/2003,2
11/20/2005,1
11/20/2006,11
11/20/2007,1395
11/20/2008,1504
11/20/2009,1753
11/20/2010,1507
11/20/2011,1232
11/20/2012,1365
11/20/2013,1391
11/20/2014,1325
11/20/2015,1412
11/21/1994,1
11/21/2001,4
11/21/2003,2
11/21/2004,2
11/21/2005,2
11/21/2006,7
11/21/2007,1590
11/21/2008,1593
11/21/2009,1441
11/21/2010,1184
11/21/2011,1319
11/21/2012,1361
11/21/2013,1348
11/21/2014,1376
11/21/2015,1287
11/22/1995,1
11/22/2000,2
11/22/2001,1
11/22/2002,1
11/22/2003,1
11/22/2004,2
11/22/2006,15
11/22/2007,977
11/22/2008,1311
11/22/2009,1199
11/22/2010,1284
11/22/2011,1359
11/22/2012,897
11/22/2013,1567
11/22/2014,1335
11/22/2015,1167
11/23/1913,1
11/23/2000,2
11/23/2003,2
11/23/2004,2
11/23/2005,4
11/23/2006,6
11/23/2007,1381
11/23/2008,1083
11/23/2009,1317
11/23/2010,1403
11/23/2011,1405
11/23/2012,1302
11/23/2013,1449
11/23/2014,1197
11/23/2015,1111
11/24/2001,1
11/24/2004,3
11/24/2005,1
11/24/2006,5
11/24/2007,1325
11/24/2008,1383
11/24/2009,1393
11/24/2010,1476
11/24/2011,897
11/24/2012,1245
11/24/2013,1065
11/24/2014,1293
11/24/2015,1208
11/25/2002,2
11/25/2003,1
11/25/2004,2
11/25/2005,3
11/25/2006,4
11/25/2007,1244
11/25/2008,1464
11/25/2009,1490
11/25/2010,914
11/25/2011,1514
11/25/2012,1038
11/25/2013,1249
11/25/2014,1243
11/25/2015,1267
11/26/2000,1
11/26/2005,1
11/26/2006,7
11/26/2007,1296
11/26/2008,1439
11/26/2009,881
11/26/2010,1425
11/26/2011,1371
11/26/2012,1192
11/26/2013,1230
11/26/2014,1138
11/26/2015,920
11/27/1982,1
11/27/1997,1
11/27/2000,1
11/27/2001,1
11/27/2002,1
11/27/2003,1
11/27/2004,3
11/27/2005,3
11/27/2006,3
11/27/2007,1511
11/27/2008,900
11/27/2009,1404
11/27/2010,1349
11/27/2011,1263
11/27/2012,1159
11/27/2013,1272
11/27/2014,821
11/27/2015,1244
11/28/1965,1
11/28/1977,1
11/28/1988,1
11/28/1997,1
11/28/2002,2
11/28/2003,1
11/28/2005,3
11/28/2006,2
11/28/2007,1452
11/28/2008,1448
11/28/2009,1320
11/28/2010,1177
11/28/2011,1425
11/28/2012,1329
11/28/2013,976
11/28/2014,1288
11/28/2015,1221
11/29/1969,1
11/29/1982,1
11/29/2001,1
11/29/2004,2
11/29/2006,8
11/29/2007,1414
11/29/2008,1289
11/29/2009,1189
11/29/2010,1291
11/29/2011,1344
11/29/2012,1344
11/29/2013,1300
11/29/2014,1154
11/29/2015,1071
11/30/1908,1
11/30/1968,1
11/30/1987,1
11/30/1999,1
11/30/2001,1
11/30/2002,1
11/30/2004,4
11/30/2005,3
11/30/2006,4
11/30/2007,1611
11/30/2008,1142
11/30/2009,1196
11/30/2010,1303
11/30/2011,1420
11/30/2012,1549
11/30/2013,1301
11/30/2014,1211
11/30/2015,1099
12/1/1986,1
12/1/1988,1
12/1/1989,2
12/1/1995,1
12/1/1997,1
12/1/1998,1
12/1/1999,5
12/1/2000,11
12/1/2001,11
12/1/2002,12
12/1/2003,14
12/1/2004,14
12/1/2005,42
12/1/2006,102
12/1/2007,1602
12/1/2008,1664
12/1/2009,1677
12/1/2010,1527
12/1/2011,1603
12/1/2012,1616
12/1/2013,1432
12/1/2014,1394
12/1/2015,1203
12/2/1909,1
12/2/2002,5
12/2/2003,1
12/2/2004,6
12/2/2005,3
12/2/2006,8
12/2/2007,1093
12/2/2008,1496
12/2/2009,1471
12/2/2010,1362
12/2/2011,1481
12/2/2012,1228
12/2/2013,1305
12/2/2014,1201
12/2/2015,1247
12/3/1962,1
12/3/2001,2
12/3/2003,3
12/3/2004,3
12/3/2005,3
12/3/2006,3
12/3/2007,1387
12/3/2008,1408
12/3/2009,1423
12/3/2010,1490
12/3/2011,1354
12/3/2012,1249
12/3/2013,1314
12/3/2014,1183
12/3/2015,1190
12/4/1996,1
12/4/2002,2
12/4/2003,1
12/4/2004,1
12/4/2005,2
12/4/2006,5
12/4/2007,1355
12/4/2008,1347
12/4/2009,1525
12/4/2010,1349
12/4/2011,1173
12/4/2012,1309
12/4/2013,1431
12/4/2014,1140
12/4/2015,1356
12/5/2001,2
12/5/2002,1
12/5/2004,2
12/5/2005,10
12/5/2006,5
12/5/2007,1381
12/5/2008,1579
12/5/2009,1318
12/5/2010,1088
12/5/2011,1349
12/5/2012,1363
12/5/2013,1450
12/5/2014,1239
12/5/2015,1304
12/6/1914,1
12/6/1969,1
12/6/2000,1
12/6/2001,1
12/6/2002,2
12/6/2003,1
12/6/2004,2
12/6/2005,1
12/6/2006,18
12/6/2007,1431
12/6/2008,1331
12/6/2009,1149
12/6/2010,1147
12/6/2011,1287
12/6/2012,1260
12/6/2013,1412
12/6/2014,1171
12/6/2015,1143
12/7/2002,6
12/7/2004,1
12/7/2005,1
12/7/2006,8
12/7/2007,1594
12/7/2008,1092
12/7/2009,1290
12/7/2010,1272
12/7/2011,1296
12/7/2012,1334
12/7/2013,1401
12/7/2014,1055
12/7/2015,1155
12/8/1979,1
12/8/1985,1
12/8/1997,1
12/8/2001,1
12/8/2005,3
12/8/2006,3
12/8/2007,1388
12/8/2008,1220
12/8/2009,1367
12/8/2010,1279
12/8/2011,1311
12/8/2012,1478
12/8/2013,1169
12/8/2014,1053
12/8/2015,1189
12/9/2002,2
12/9/2004,3
12/9/2005,1
12/9/2006,5
12/9/2007,1205
12/9/2008,1417
12/9/2009,1350
12/9/2010,1245
12/9/2011,1521
12/9/2012,1215
12/9/2013,1222
12/9/2014,1051
12/9/2015,1183
12/10/1993,1
12/10/1997,1
12/10/2000,2
12/10/2002,2
12/10/2004,4
12/10/2006,7
12/10/2007,1372
12/10/2008,1504
12/10/2009,1363
12/10/2010,1466
12/10/2011,1460
12/10/2012,1336
12/10/2013,1296
12/10/2014,1185
12/10/2015,1291
12/11/2000,1
12/11/2001,3
12/11/2002,1
12/11/2003,2
12/11/2005,1
12/11/2006,10
12/11/2007,1470
12/11/2008,1278
12/11/2009,1435
12/11/2010,1376
12/11/2011,1040
12/11/2012,1279
12/11/2013,1288
12/11/2014,1261
12/11/2015,1457
12/12/1954,1
12/12/2001,1
12/12/2002,1
12/12/2003,2
12/12/2004,2
12/12/2005,1
12/12/2006,6
12/12/2007,1511
12/12/2008,1543
12/12/2009,1372
12/12/2010,1040
12/12/2011,1306
12/12/2012,1380
12/12/2013,1220
12/12/2014,1357
12/12/2015,1412
12/13/1996,1
12/13/1998,1
12/13/2001,1
12/13/2002,2
12/13/2003,1
12/13/2004,2
12/13/2005,3
12/13/2006,9
12/13/2007,1277
12/13/2008,1399
12/13/2009,1114
12/13/2010,1211
12/13/2011,1340
12/13/2012,1276
12/13/2013,1412
12/13/2014,1312
12/13/2015,1209
12/14/1968,1
12/14/1990,1
12/14/2000,2
12/14/2004,4
12/14/2005,1
12/14/2006,5
12/14/2007,1530
12/14/2008,1166
12/14/2009,1269
12/14/2010,1224
12/14/2011,1430
12/14/2012,1503
12/14/2013,1180
12/14/2014,1187
12/14/2015,1176
12/15/1986,1
12/15/1988,1
12/15/2000,1
12/15/2001,1
12/15/2003,2
12/15/2004,2
12/15/2005,10
12/15/2006,13
12/15/2007,1550
12/15/2008,1327
12/15/2009,1474
12/15/2010,1267
12/15/2011,1530
12/15/2012,1414
12/15/2013,1093
12/15/2014,1213
12/15/2015,1234
12/16/2001,1
12/16/2004,2
12/16/2005,2
12/16/2006,8
12/16/2007,1070
12/16/2008,1348
12/16/2009,1388
12/16/2010,1266
12/16/2011,1550
12/16/2012,1134
12/16/2013,1154
12/16/2014,1198
12/16/2015,1169
12/17/1996,1
12/17/2001,1
12/17/2003,2
12/17/2004,2
12/17/2006,1
12/17/2007,1264
12/17/2008,1391
12/17/2009,1229
12/17/2010,1514
12/17/2011,1312
12/17/2012,1220
12/17/2013,1181
12/17/2014,1315
12/17/2015,1137
12/18/1965,1
12/18/2001,1
12/18/2003,1
12/18/2004,1
12/18/2005,2
12/18/2006,4
12/18/2007,1499
12/18/2008,1476
12/18/2009,1384
12/18/2010,1342
12/18/2011,1022
12/18/2012,1233
12/18/2013,1295
12/18/2014,1253
12/18/2015,1274
12/19/1912,1
12/19/1999,1
12/19/2000,4
12/19/2001,1
12/19/2002,2
12/19/2003,1
12/19/2004,2
12/19/2005,1
12/19/2006,10
12/19/2007,1375
12/19/2008,1187
12/19/2009,1092
12/19/2010,1127
12/19/2011,1186
12/19/2012,1389
12/19/2013,1350
12/19/2014,1287
12/19/2015,1181
12/20/1909,1
12/20/1995,1
12/20/1997,1
12/20/2004,6
12/20/2005,3
12/20/2006,9
12/20/2007,1553
12/20/2008,1286
12/20/2009,928
12/20/2010,1201
12/20/2011,1422
12/20/2012,1437
12/20/2013,1510
12/20/2014,1223
12/20/2015,1071
12/21/2001,3
12/21/2003,1
12/21/2004,3
12/21/2005,4
12/21/2006,5
12/21/2007,1647
12/21/2008,1094
12/21/2009,1073
12/21/2010,1326
12/21/2011,1416
12/21/2012,1341
12/21/2013,1433
12/21/2014,991
12/21/2015,1071
12/22/2000,1
12/22/2002,3
12/22/2004,1
12/22/2005,4
12/22/2006,11
12/22/2007,1374
12/22/2008,1115
12/22/2009,1294
12/22/2010,1308
12/22/2011,1422
12/22/2012,1251
12/22/2013,1316
12/22/2014,1032
12/22/2015,1179
12/23/1967,1
12/23/1979,1
12/23/1992,1
12/23/1998,1
12/23/2002,1
12/23/2003,1
12/23/2004,2
12/23/2005,3
12/23/2006,8
12/23/2007,1269
12/23/2008,1305
12/23/2009,1279
12/23/2010,1313
12/23/2011,1412
12/23/2012,1247
12/23/2013,1240
12/23/2014,1090
12/23/2015,1069
12/24/1998,1
12/24/2001,2
12/24/2002,2
12/24/2004,4
12/24/2005,1
12/24/2006,3
12/24/2007,1239
12/24/2008,1061
12/24/2009,1062
12/24/2010,1145
12/24/2011,1082
12/24/2012,1034
12/24/2013,1212
12/24/2014,949
12/24/2015,1047
12/25/1993,1
12/25/2000,1
12/25/2001,1
12/25/2003,1
12/25/2005,2
12/25/2006,6
12/25/2007,976
12/25/2008,877
12/25/2009,857
12/25/2010,763
12/25/2011,847
12/25/2012,787
12/25/2013,872
12/25/2014,842
12/25/2015,882
12/26/2005,2
12/26/2006,10
12/26/2007,1222
12/26/2008,1299
12/26/2009,1050
12/26/2010,645
12/26/2011,1074
12/26/2012,999
12/26/2013,1186
12/26/2014,974
12/26/2015,1059
12/27/2001,2
12/27/2002,1
12/27/2003,2
12/27/2004,1
12/27/2005,3
12/27/2006,6
12/27/2007,1341
12/27/2008,1329
12/27/2009,1185
12/27/2010,450
12/27/2011,1174
12/27/2012,1161
12/27/2013,1333
12/27/2014,1005
12/27/2015,1022
12/28/1913,1
12/28/1998,1
12/28/1999,1
12/28/2002,5
12/28/2004,2
12/28/2005,2
12/28/2006,7
12/28/2007,1359
12/28/2008,1252
12/28/2009,1201
12/28/2010,788
12/28/2011,1277
12/28/2012,1321
12/28/2013,1356
12/28/2014,929
12/28/2015,1016
12/29/1992,1
12/29/2001,2
12/29/2002,1
12/29/2005,2
12/29/2006,3
12/29/2007,1377
12/29/2008,1246
12/29/2009,1180
12/29/2010,962
12/29/2011,1229
12/29/2012,1198
12/29/2013,1121
12/29/2014,962
12/29/2015,982
12/30/1980,1
12/30/1999,1
12/30/2000,1
12/30/2001,1
12/30/2002,1
12/30/2003,2
12/30/2005,3
12/30/2006,6
12/30/2007,1219
12/30/2008,1224
12/30/2009,1347
12/30/2010,1123
12/30/2011,1419
12/30/2012,1061
12/30/2013,1156
12/30/2014,983
12/30/2015,968
12/31/1958,1
12/31/1992,1
12/31/1993,1
12/31/1997,1
12/31/1998,3
12/31/1999,2
12/31/2000,3
12/31/2001,7
12/31/2002,6
12/31/2003,9
12/31/2004,16
12/31/2005,18
12/31/2006,34
12/31/2007,1230
12/31/2008,1173
12/31/2009,1142
12/31/2010,1139
12/31/2011,1282
12/31/2012,1192
12/31/2013,1110
12/31/2014,926
12/31/2015,693