1/1/06,0
1/2/06,0.68
1/3/06,1.55
1/4/06,0
1/5/06,0.07
1/6/06,0
1/7/06,0
1/8/06,0
1/9/06,0
1/10/06,0
1/11/06,0.49
1/12/06,0
1/13/06,0
1/14/06,2.75
1/15/06,0.31
1/16/06,0
1/17/06,0.28
1/18/06,1.42
1/19/06,0
1/20/06,0
1/21/06,0
1/22/06,0
1/23/06,1.21
1/24/06,0
1/25/06,0
1/26/06,0
1/27/06,0
1/28/06,0
1/29/06,0.31
1/30/06,0.01
1/31/06,0.08
2/1/06,0
2/2/06,0
2/3/06,1.38
2/4/06,0.63
2/5/06,0.33
2/6/06,0
2/7/06,0
2/8/06,0
2/9/06,0
2/10/06,0
2/11/06,0.28
2/12/06,1.82
2/13/06,0.01
2/14/06,0
2/15/06,0
2/16/06,0
2/17/06,0.1
2/18/06,0
2/19/06,0
2/20/06,0
2/21/06,0
2/22/06,0
2/23/06,0
2/24/06,0
2/25/06,0
2/26/06,0
2/27/06,0
2/28/06,0
3/1/06,0
3/2/06,1.06
3/3/06,0
3/4/06,0
3/5/06,0
3/6/06,0
3/7/06,0
3/8/06,0
3/9/06,0
3/10/06,0
3/11/06,0
3/12/06,0.65
3/13/06,0
3/14/06,0.03
3/15/06,0
3/16/06,0
3/17/06,0
3/18/06,0
3/19/06,0
3/20/06,0
3/21/06,0
3/22/06,0
3/23/06,0
3/24/06,0
3/25/06,0
3/26/06,0.03
3/27/06,0
3/28/06,0
3/29/06,0
3/30/06,0
3/31/06,0
4/1/06,0
4/2/06,0
4/3/06,1.9
4/4/06,0.21
4/5/06,0.31
4/6/06,0
4/7/06,0.01
4/8/06,0.8
4/9/06,0
4/10/06,0
4/11/06,0
4/12/06,0
4/13/06,0
4/14/06,0.37
4/15/06,0
4/16/06,0
4/17/06,0
4/18/06,0
4/19/06,0
4/20/06,0
4/21/06,0
4/22/06,1.36
4/23/06,4.59
4/24/06,0.74
4/25/06,0.03
4/26/06,0
4/27/06,0
4/28/06,0
4/29/06,0
4/30/06,0
5/1/06,0
5/2/06,0
5/3/06,0.22
5/4/06,0
5/5/06,0
5/6/06,0
5/7/06,0
5/8/06,0
5/9/06,0
5/10/06,0
5/11/06,0.05
5/12/06,4.08
5/13/06,0
5/14/06,0
5/15/06,1.38
5/16/06,1.53
5/17/06,0
5/18/06,0.77
5/19/06,2.82
5/20/06,0
5/21/06,0.1
5/22/06,0
5/23/06,0
5/24/06,0
5/25/06,0
5/26/06,0.35
5/27/06,0.01
5/28/06,0
5/29/06,0.01
5/30/06,0
5/31/06,0
6/1/06,0.07
6/2/06,3.45
6/3/06,0.78
6/4/06,0.06
6/5/06,0
6/6/06,0
6/7/06,3.23
6/8/06,0.21
6/9/06,0.03
6/10/06,0
6/11/06,0
6/12/06,0
6/13/06,0
6/14/06,0
6/15/06,0
6/16/06,0
6/17/06,0
6/18/06,0
6/19/06,0
6/20/06,0
6/21/06,0
6/22/06,0
6/23/06,0
6/24/06,2.25
6/25/06,0.38
6/26/06,0.21
6/27/06,0.05
6/28/06,1.32
6/29/06,2.39
6/30/06,0.46
7/1/06,0
7/2/06,0.03
7/3/06,0
7/4/06,0
7/5/06,2.35
7/6/06,0.79
7/7/06,0
7/8/06,0
7/9/06,0
7/10/06,0
7/11/06,0
7/12/06,5.89
7/13/06,0.07
7/14/06,0
7/15/06,0
7/16/06,0
7/17/06,0
7/18/06,2.09
7/19/06,0
7/20/06,0
7/21/06,5.9
7/22/06,0.26
7/23/06,0.01
7/24/06,0
7/25/06,0
7/26/06,0
7/27/06,0
7/28/06,1.17
7/29/06,0
7/30/06,0
7/31/06,0
8/1/06,0
8/2/06,0
8/3/06,0.01
8/4/06,0
8/5/06,0
8/6/06,0
8/7/06,0
8/8/06,0
8/9/06,0
8/10/06,9.13
8/11/06,0
8/12/06,0
8/13/06,0
8/14/06,0
8/15/06,0.42
8/16/06,0
8/17/06,0
8/18/06,0
8/19/06,0
8/20/06,0.06
8/21/06,0
8/22/06,0
8/23/06,0
8/24/06,1.45
8/25/06,0.27
8/26/06,2.24
8/27/06,1.86
8/28/06,0.9
8/29/06,1.35
8/30/06,0.3
8/31/06,0
9/1/06,0.09
9/2/06,2.54
9/3/06,0.06
9/4/06,0
9/5/06,0.81
9/6/06,0.08
9/7/06,0
9/8/06,0
9/9/06,0
9/10/06,0
9/11/06,0
9/12/06,0
9/13/06,0
9/14/06,1.55
9/15/06,1.88
9/16/06,0.01
9/17/06,0
9/18/06,0
9/19/06,0.02
9/20/06,0
9/21/06,0
9/22/06,0
9/23/06,0.19
9/24/06,0.01
9/25/06,0
9/26/06,0
9/27/06,0
9/28/06,0
9/29/06,0.31
9/30/06,0
10/1/06,0.73
10/2/06,0
10/3/06,0
10/4/06,0.84
10/5/06,0.79
10/6/06,0
10/7/06,0
10/8/06,0
10/9/06,0
10/10/06,0
10/11/06,3.47
10/12/06,0.96
10/13/06,0
10/14/06,0
10/15/06,0
10/16/06,0
10/17/06,2.14
10/18/06,0.01
10/19/06,0.03
10/20/06,1.03
10/21/06,0
10/22/06,0
10/23/06,0
10/24/06,0
10/25/06,0
10/26/06,0
10/27/06,0.25
10/28/06,4.7
10/29/06,0
10/30/06,0
10/31/06,0
11/1/06,0.01
11/2/06,0.48
11/3/06,0
11/4/06,0
11/5/06,0
11/6/06,0
11/7/06,0.02
11/8/06,7.24
11/9/06,0
11/10/06,0
11/11/06,0
11/12/06,0.43
11/13/06,0.81
11/14/06,0.17
11/15/06,0
11/16/06,1.88
11/17/06,0
11/18/06,0
11/19/06,0
11/20/06,0
11/21/06,0
11/22/06,0.01
11/23/06,2.78
11/24/06,0.09
11/25/06,0
11/26/06,0
11/27/06,0
11/28/06,0
11/29/06,0
11/30/06,0
12/1/06,0.57
12/2/06,0
12/3/06,0
12/4/06,0
12/5/06,0
12/6/06,0
12/7/06,0
12/8/06,0
12/9/06,0
12/10/06,0
12/11/06,0
12/12/06,0
12/13/06,0.77
12/14/06,0
12/15/06,0.01
12/16/06,0
12/17/06,0
12/18/06,0
12/19/06,0
12/20/06,0
12/21/06,0
12/22/06,0.61
12/23/06,1.61
12/24/06,0
12/25/06,0.6
12/26/06,0.16
12/27/06,0
12/28/06,0
12/29/06,0
12/30/06,0
12/31/06,0
1/1/07,3.12
1/2/07,0
1/3/07,0
1/4/07,0
1/5/07,0.04
1/6/07,0.03
1/7/07,0.24
1/8/07,3.17
1/9/07,0
1/10/07,0
1/11/07,0
1/12/07,0.01
1/13/07,0.05
1/14/07,0.18
1/15/07,0.07
1/16/07,0.03
1/17/07,0.01
1/18/07,0.17
1/19/07,0.19
1/20/07,0.09
1/21/07,0.02
1/22/07,0.05
1/23/07,0.04
1/24/07,0.02
1/25/07,0.02
1/26/07,0
1/27/07,0.01
1/28/07,0.05
1/29/07,0
1/30/07,0.06
1/31/07,0.05
2/1/07,0
2/2/07,0.4
2/3/07,0
2/4/07,0
2/5/07,0
2/6/07,0
2/7/07,0
2/8/07,0
2/9/07,0
2/10/07,0
2/11/07,0
2/12/07,0
2/13/07,0.06
2/14/07,2.02
2/15/07,0
2/16/07,0
2/17/07,0
2/18/07,0
2/19/07,0
2/20/07,0.09
2/21/07,0.02
2/22/07,0.61
2/23/07,0
2/24/07,0
2/25/07,0.31
2/26/07,0.67
2/27/07,0
2/28/07,0
3/1/07,0.27
3/2/07,5.3
3/3/07,0
3/4/07,0
3/5/07,0
3/6/07,0
3/7/07,0.08
3/8/07,0
3/9/07,0
3/10/07,0.05
3/11/07,0.35
3/12/07,0
3/13/07,0
3/14/07,0
3/15/07,0.32
3/16/07,3.69
3/17/07,0.56
3/18/07,0
3/19/07,0
3/20/07,0
3/21/07,0
3/22/07,0.02
3/23/07,0.09
3/24/07,0.05
3/25/07,0
3/26/07,0
3/27/07,0.01
3/28/07,0
3/29/07,0
3/30/07,0
3/31/07,0
4/1/07,0.15
4/2/07,0.12
4/3/07,0
4/4/07,1.43
4/5/07,0
4/6/07,0
4/7/07,0
4/8/07,0
4/9/07,0
4/10/07,0
4/11/07,0
4/12/07,3.39
4/13/07,0
4/14/07,0
4/15/07,12.42
4/16/07,2.35
4/17/07,0.11
4/18/07,0
4/19/07,0.02
4/20/07,0
4/21/07,0
4/22/07,0
4/23/07,0
4/24/07,0
4/25/07,0.14
4/26/07,0
4/27/07,5
4/28/07,0
4/29/07,0
4/30/07,0
5/1/07,0.57
5/2/07,0.39
5/3/07,0
5/4/07,0
5/5/07,0
5/6/07,0
5/7/07,0
5/8/07,0
5/9/07,0
5/10/07,0
5/11/07,1.19
5/12/07,0.14
5/13/07,0.08
5/14/07,0
5/15/07,0
5/16/07,2.46
5/17/07,0
5/18/07,0
5/19/07,0.18
5/20/07,0.05
5/21/07,0
5/22/07,0
5/23/07,0
5/24/07,0
5/25/07,0
5/26/07,0
5/27/07,0.03
5/28/07,0
5/29/07,0
5/30/07,0
5/31/07,0
6/1/07,0
6/2/07,0
6/3/07,2.83
6/4/07,7.15
6/5/07,0
6/6/07,0
6/7/07,0
6/8/07,0
6/9/07,0.03
6/10/07,0
6/11/07,0.06
6/12/07,4.38
6/13/07,0
6/14/07,0
6/15/07,0
6/16/07,0.04
6/17/07,0
6/18/07,0
6/19/07,0.67
6/20/07,0.4
6/21/07,0.55
6/22/07,0
6/23/07,0
6/24/07,0
6/25/07,0
6/26/07,0
6/27/07,1.33
6/28/07,0.36
6/29/07,0
6/30/07,0
7/1/07,0.01
7/2/07,0
7/3/07,0
7/4/07,0.13
7/5/07,3.49
7/6/07,0.2
7/7/07,0
7/8/07,0
7/9/07,0
7/10/07,0
7/11/07,0.77
7/12/07,0
7/13/07,0
7/14/07,0
7/15/07,0.01
7/16/07,0
7/17/07,0
7/18/07,5.66
7/19/07,0.41
7/20/07,0
7/21/07,0
7/22/07,0
7/23/07,6.14
7/24/07,0
7/25/07,0
7/26/07,0
7/27/07,0
7/28/07,0
7/29/07,0.6
7/30/07,0
7/31/07,0
8/1/07,0
8/2/07,0
8/3/07,7.16
8/4/07,0.07
8/5/07,0
8/6/07,0
8/7/07,0
8/8/07,6.66
8/9/07,0
8/10/07,2.2
8/11/07,0
8/12/07,0
8/13/07,0.04
8/14/07,0
8/15/07,0
8/16/07,0.02
8/17/07,1.99
8/18/07,0
8/19/07,0.26
8/20/07,0.02
8/21/07,3.22
8/22/07,0.07
8/23/07,0
8/24/07,0
8/25/07,0
8/26/07,0
8/27/07,0
8/28/07,0
8/29/07,0
8/30/07,0
8/31/07,0
9/1/07,0
9/2/07,0
9/3/07,0
9/4/07,0
9/5/07,0
9/6/07,0
9/7/07,0
9/8/07,0
9/9/07,0
9/10/07,0.26
9/11/07,4.73
9/12/07,0
9/13/07,0
9/14/07,0
9/15/07,0.12
9/16/07,0
9/17/07,0
9/18/07,0
9/19/07,0
9/20/07,0
9/21/07,0
9/22/07,0.65
9/23/07,0
9/24/07,0
9/25/07,0
9/26/07,0
9/27/07,0
9/28/07,0.24
9/29/07,0
9/30/07,0
10/1/07,0
10/2/07,0
10/3/07,0.04
10/4/07,0
10/5/07,0
10/6/07,0
10/7/07,0
10/8/07,0
10/9/07,1.31
10/10/07,0.34
10/11/07,3.31
10/12/07,0.09
10/13/07,0
10/14/07,0
10/15/07,0
10/16/07,0
10/17/07,0
10/18/07,0
10/19/07,0.67
10/20/07,0.3
10/21/07,0
10/22/07,0
10/23/07,0
10/24/07,0.17
10/25/07,0.17
10/26/07,0.61
10/27/07,2.59
10/28/07,0
10/29/07,0
10/30/07,0
10/31/07,0
11/1/07,0
11/2/07,0
11/3/07,0
11/4/07,0
11/5/07,0
11/6/07,0.73
11/7/07,0
11/8/07,0
11/9/07,0.85
11/10/07,0.21
11/11/07,0
11/12/07,0.37
11/13/07,0.65
11/14/07,0
11/15/07,0.98
11/16/07,0
11/17/07,0
11/18/07,0
11/19/07,0.31
11/20/07,0.19
11/21/07,0
11/22/07,0.03
11/23/07,0
11/24/07,0
11/25/07,0
11/26/07,3.04
11/27/07,0.07
11/28/07,0
11/29/07,0.01
11/30/07,0
12/1/07,0
12/2/07,0.73
12/3/07,0.51
12/4/07,0
12/5/07,0.06
12/6/07,0
12/7/07,0
12/8/07,0
12/9/07,0.5
12/10/07,0.25
12/11/07,0.02
12/12/07,0
12/13/07,2.31
12/14/07,0
12/15/07,0.01
12/16/07,1.53
12/17/07,0
12/18/07,0
12/19/07,0.11
12/20/07,0
12/21/07,0
12/22/07,0
12/23/07,1.33
12/24/07,0
12/25/07,0
12/26/07,0.68
12/27/07,0.1
12/28/07,0.02
12/29/07,1.15
12/30/07,0.16
12/31/07,0.52
1/1/08,0.4
1/2/08,0
1/3/08,0
1/4/08,0
1/5/08,0.06
1/6/08,0.01
1/7/08,0
1/8/08,0
1/9/08,0.04
1/10/08,0.01
1/11/08,3.58
1/12/08,0
1/13/08,0.31
1/14/08,0.2
1/15/08,0
1/16/08,0
1/17/08,0.38
1/18/08,1.16
1/19/08,0
1/20/08,0
1/21/08,0
1/22/08,0
1/23/08,0
1/24/08,0
1/25/08,0
1/26/08,0
1/27/08,0
1/28/08,0
1/29/08,0.01
1/30/08,0.09
1/31/08,0
2/1/08,3.67
2/2/08,0
2/3/08,0
2/4/08,0.14
2/5/08,0.07
2/6/08,0.16
2/7/08,0.07
2/8/08,0
2/9/08,0.09
2/10/08,0
2/11/08,0
2/12/08,1.2
2/13/08,4.68
2/14/08,0
2/15/08,0
2/16/08,0
2/17/08,0.28
2/18/08,0.42
2/19/08,0
2/20/08,0
2/21/08,0
2/22/08,1.06
2/23/08,0.01
2/24/08,0
2/25/08,0
2/26/08,0.28
2/27/08,0
2/28/08,0
2/29/08,0.33
3/1/08,0.19
3/2/08,0
3/3/08,0
3/4/08,0.5
3/5/08,0.84
3/6/08,0
3/7/08,2.83
3/8/08,1.97
3/9/08,0
3/10/08,0
3/11/08,0
3/12/08,0
3/13/08,0
3/14/08,0.02
3/15/08,0.11
3/16/08,0.04
3/17/08,0
3/18/08,0
3/19/08,1.61
3/20/08,0.55
3/21/08,0
3/22/08,0
3/23/08,0
3/24/08,0
3/25/08,0
3/26/08,0
3/27/08,0
3/28/08,0.01
3/29/08,0
3/30/08,0
3/31/08,0.28
4/1/08,0.6
4/2/08,0
4/3/08,0.03
4/4/08,0.65
4/5/08,0.17
4/6/08,0
4/7/08,0
4/8/08,0
4/9/08,0.01
4/10/08,0.04
4/11/08,0.03
4/12/08,1.18
4/13/08,0
4/14/08,0
4/15/08,0
4/16/08,0
4/17/08,0
4/18/08,0
4/19/08,0
4/20/08,0
4/21/08,0
4/22/08,0
4/23/08,0
4/24/08,0
4/25/08,0
4/26/08,0.01
4/27/08,0.03
4/28/08,2.56
4/29/08,0.05
4/30/08,0
5/1/08,0.06
5/2/08,0.55
5/3/08,0
5/4/08,0.03
5/5/08,0
5/6/08,0
5/7/08,0
5/8/08,0.03
5/9/08,2.95
5/10/08,0
5/11/08,0
5/12/08,0.6
5/13/08,0
5/14/08,0
5/15/08,0
5/16/08,1.77
5/17/08,0.1
5/18/08,0.29
5/19/08,0
5/20/08,0.97
5/21/08,0
5/22/08,0.13
5/23/08,0
5/24/08,0
5/25/08,0
5/26/08,0
5/27/08,0.55
5/28/08,0
5/29/08,0
5/30/08,0
5/31/08,1.34
6/1/08,0
6/2/08,0
6/3/08,0
6/4/08,1.44
6/5/08,0.01
6/6/08,0
6/7/08,0
6/8/08,0.19
6/9/08,0
6/10/08,0.04
6/11/08,0
6/12/08,0
6/13/08,0
6/14/08,7.04
6/15/08,0.19
6/16/08,0.65
6/17/08,0
6/18/08,0.16
6/19/08,0
6/20/08,0.07
6/21/08,0.15
6/22/08,0.05
6/23/08,0.19
6/24/08,0.32
6/25/08,0
6/26/08,0.08
6/27/08,0
6/28/08,1.39
6/29/08,1.83
6/30/08,0.01
7/1/08,0
7/2/08,0
7/3/08,0
7/4/08,0.52
7/5/08,0.45
7/6/08,0
7/7/08,0
7/8/08,0
7/9/08,0.09
7/10/08,0
7/11/08,0
7/12/08,0
7/13/08,0
7/14/08,2.28
7/15/08,0
7/16/08,0
7/17/08,0
7/18/08,0
7/19/08,0
7/20/08,0.01
7/21/08,0.01
7/22/08,0.01
7/23/08,3
7/24/08,1.82
7/25/08,0
7/26/08,0
7/27/08,0.09
7/28/08,0
7/29/08,0
7/30/08,0
7/31/08,0
8/1/08,0
8/2/08,1.6
8/3/08,0
8/4/08,0
8/5/08,0
8/6/08,0.59
8/7/08,0.12
8/8/08,0.35
8/9/08,0
8/10/08,0.04
8/11/08,4.48
8/12/08,0
8/13/08,0
8/14/08,1.58
8/15/08,1.66
8/16/08,0
8/17/08,0
8/18/08,0
8/19/08,0
8/20/08,0
8/21/08,0
8/22/08,0
8/23/08,0
8/24/08,0
8/25/08,0
8/26/08,0
8/27/08,0
8/28/08,0
8/29/08,0
8/30/08,6.53
8/31/08,0
9/1/08,0
9/2/08,0
9/3/08,0
9/4/08,0
9/5/08,0
9/6/08,12.18
9/7/08,0
9/8/08,0
9/9/08,1.78
9/10/08,0
9/11/08,0
9/12/08,0.65
9/13/08,0
9/14/08,0
9/15/08,0
9/16/08,0
9/17/08,0
9/18/08,0
9/19/08,0
9/20/08,0
9/21/08,0
9/22/08,0
9/23/08,0
9/24/08,0
9/25/08,0.11
9/26/08,5.72
9/27/08,0.02
9/28/08,0.39
9/29/08,0.03
9/30/08,0
10/1/08,0.66
10/2/08,0.01
10/3/08,0
10/4/08,0
10/5/08,0.88
10/6/08,0
10/7/08,0
10/8/08,0
10/9/08,0.06
10/10/08,0
10/11/08,0
10/12/08,0
10/13/08,0
10/14/08,0
10/15/08,0
10/16/08,0
10/17/08,0
10/18/08,0
10/19/08,0
10/20/08,0
10/21/08,0.01
10/22/08,0
10/23/08,0
10/24/08,0
10/25/08,1.93
10/26/08,0
10/27/08,0
10/28/08,5.54
10/29/08,0
10/30/08,0
10/31/08,0
11/1/08,0
11/2/08,0
11/3/08,0.01
11/4/08,0
11/5/08,0.41
11/6/08,0.44
11/7/08,0
11/8/08,0.63
11/9/08,0
11/10/08,0
11/11/08,0
11/12/08,0
11/13/08,1.1
11/14/08,0.35
11/15/08,2.36
11/16/08,0.31
11/17/08,0
11/18/08,0
11/19/08,0
11/20/08,0
11/21/08,0
11/22/08,0
11/23/08,0
11/24/08,0.31
11/25/08,0.68
11/26/08,0
11/27/08,0
11/28/08,0
11/29/08,0
11/30/08,1.09
12/1/08,0.17
12/2/08,0
12/3/08,0
12/4/08,0.03
12/5/08,0
12/6/08,0.07
12/7/08,0
12/8/08,0
12/9/08,0
12/10/08,0.67
12/11/08,5.56
12/12/08,2.17
12/13/08,0
12/14/08,0
12/15/08,0
12/16/08,0.69
12/17/08,1.03
12/18/08,0
12/19/08,2.04
12/20/08,0.07
12/21/08,2.38
12/22/08,0
12/23/08,0
12/24/08,0.86
12/25/08,0.5
12/26/08,0.02
12/27/08,0
12/28/08,0
12/29/08,0
12/30/08,0
12/31/08,0.12
1/1/09,0
1/2/09,0
1/3/09,0
1/4/09,0
1/5/09,0
1/6/09,0.12
1/7/09,1.82
1/8/09,0
1/9/09,0
1/10/09,0.41
1/11/09,0.51
1/12/09,0
1/13/09,0
1/14/09,0
1/15/09,0.1
1/16/09,0
1/17/09,12.49
1/18/09,5.4
1/19/09,0
1/20/09,0
1/21/09,0
1/22/09,0
1/23/09,0
1/24/09,0
1/25/09,0
1/26/09,0
1/27/09,0
1/28/09,2.17
1/29/09,0
1/30/09,0
1/31/09,0
2/1/09,0
2/2/09,0
2/3/09,0.49
2/4/09,0
2/5/09,0
2/6/09,0
2/7/09,0
2/8/09,0
2/9/09,0
2/10/09,0
2/11/09,0.02
2/12/09,0.36
2/13/09,0
2/14/09,0
2/15/09,0
2/16/09,0
2/17/09,0
2/18/09,0.45
2/19/09,0.01
2/20/09,0
2/21/09,0
2/22/09,0.08
2/23/09,0
2/24/09,0
2/25/09,0
2/26/09,0
2/27/09,0.04
2/28/09,0
3/1/09,0.27
3/2/09,0.96
3/3/09,0
3/4/09,0
3/5/09,0
3/6/09,0.01
3/7/09,0
3/8/09,0
3/9/09,0.15
3/10/09,0.02
3/11/09,0
3/12/09,0
3/13/09,0
3/14/09,0
3/15/09,0
3/16/09,0
3/17/09,0
3/18/09,0
3/19/09,0.15
3/20/09,0.12
3/21/09,0
3/22/09,0
3/23/09,0
3/24/09,0
3/25/09,0
3/26/09,0.55
3/27/09,0
3/28/09,0.03
3/29/09,0.55
3/30/09,0.05
3/31/09,0
4/1/09,0.66
4/2/09,0.02
4/3/09,1.84
4/4/09,0
4/5/09,0
4/6/09,1.35
4/7/09,0
4/8/09,0
4/9/09,0
4/10/09,0
4/11/09,0.95
4/12/09,0
4/13/09,0
4/14/09,0.17
4/15/09,0.24
4/16/09,0
4/17/09,0
4/18/09,0
4/19/09,0
4/20/09,3.62
4/21/09,0.12
4/22/09,0.08
4/23/09,0
4/24/09,0
4/25/09,0
4/26/09,0
4/27/09,0
4/28/09,0
4/29/09,0
4/30/09,0
5/1/09,1.43
5/2/09,0.13
5/3/09,0.78
5/4/09,0.99
5/5/09,0.42
5/6/09,1.16
5/7/09,4.83
5/8/09,0
5/9/09,2.05
5/10/09,0
5/11/09,0
5/12/09,0
5/13/09,0
5/14/09,0.05
5/15/09,0
5/16/09,0.15
5/17/09,0.3
5/18/09,0
5/19/09,0
5/20/09,0
5/21/09,0
5/22/09,0
5/23/09,0
5/24/09,0
5/25/09,0
5/26/09,0
5/27/09,0
5/28/09,0.03
5/29/09,1.19
5/30/09,0
5/31/09,0
6/1/09,0
6/2/09,0.17
6/3/09,0.54
6/4/09,1.6
6/5/09,1.13
6/6/09,0
6/7/09,0
6/8/09,0
6/9/09,4.79
6/10/09,0.04
6/11/09,0.19
6/12/09,2.3
6/13/09,0.15
6/14/09,0.04
6/15/09,1.77
6/16/09,0
6/17/09,0
6/18/09,5.03
6/19/09,0
6/20/09,0.6
6/21/09,1.19
6/22/09,0
6/23/09,0
6/24/09,0.59
6/25/09,0
6/26/09,2.96
6/27/09,0.02
6/28/09,0
6/29/09,0
6/30/09,2.57
7/1/09,0
7/2/09,1.44
7/3/09,0
7/4/09,0
7/5/09,0
7/6/09,0
7/7/09,0.19
7/8/09,0.01
7/9/09,0
7/10/09,0
7/11/09,0.17
7/12/09,0.9
7/13/09,0
7/14/09,0
7/15/09,0
7/16/09,0
7/17/09,0.57
7/18/09,0.09
7/19/09,0
7/20/09,0
7/21/09,2.26
7/22/09,0
7/23/09,0.74
7/24/09,0.13
7/25/09,0
7/26/09,4.3
7/27/09,1.85
7/28/09,0
7/29/09,5.38
7/30/09,0
7/31/09,1.73
8/1/09,0
8/2/09,3.01
8/3/09,0
8/4/09,0
8/5/09,0
8/6/09,0
8/7/09,0
8/8/09,0
8/9/09,0
8/10/09,1.57
8/11/09,0
8/12/09,0
8/13/09,0.02
8/14/09,0
8/15/09,0
8/16/09,0
8/17/09,0
8/18/09,4
8/19/09,0
8/20/09,0
8/21/09,0.47
8/22/09,1.58
8/23/09,0.02
8/24/09,0
8/25/09,0
8/26/09,0.03
8/27/09,0
8/28/09,0.93
8/29/09,0.86
8/30/09,0.08
8/31/09,0
9/1/09,0
9/2/09,0
9/3/09,0
9/4/09,0
9/5/09,0
9/6/09,0
9/7/09,0
9/8/09,0
9/9/09,0
9/10/09,0
9/11/09,2.41
9/12/09,0.06
9/13/09,0
9/14/09,0
9/15/09,0
9/16/09,0
9/17/09,0.02
9/18/09,0
9/19/09,0
9/20/09,0
9/21/09,0
9/22/09,0
9/23/09,0
9/24/09,0.03
9/25/09,0
9/26/09,0.15
9/27/09,2.35
9/28/09,0.37
9/29/09,0
9/30/09,0
10/1/09,0
10/2/09,0.08
10/3/09,0.97
10/4/09,0
10/5/09,0
10/6/09,0
10/7/09,0.29
10/8/09,0
10/9/09,0.02
10/10/09,0.02
10/11/09,0
10/12/09,0
10/13/09,0
10/14/09,0
10/15/09,0.61
10/16/09,0.07
10/17/09,0
10/18/09,0.37
10/19/09,0
10/20/09,0
10/21/09,0
10/22/09,0
10/23/09,0.14
10/24/09,6.33
10/25/09,0
10/26/09,0
10/27/09,0.99
10/28/09,2.12
10/29/09,0
10/30/09,0
10/31/09,0.43
11/1/09,0.01
11/2/09,0
11/3/09,0
11/4/09,0
11/5/09,0
11/6/09,0
11/7/09,0
11/8/09,0
11/9/09,0
11/10/09,0
11/11/09,0
11/12/09,0.07
11/13/09,0.03
11/14/09,0.86
11/15/09,0.04
11/16/09,0
11/17/09,0
11/18/09,0
11/19/09,0.24
11/20/09,1.53
11/21/09,0
11/22/09,0
11/23/09,0
11/24/09,0
11/25/09,0.11
11/26/09,0
11/27/09,0
11/28/09,0
11/29/09,0
11/30/09,0.46
12/1/09,0
12/2/09,0.87
12/3/09,1.75
12/4/09,0
12/5/09,1.15
12/6/09,0
12/7/09,0
12/8/09,0
12/9/09,2.5
12/10/09,0
12/11/09,0
12/12/09,0
12/13/09,2.07
12/14/09,0
12/15/09,0
12/16/09,0
12/17/09,0
12/18/09,0
12/19/09,0.84
12/20/09,0.56
12/21/09,0
12/22/09,0
12/23/09,0
12/24/09,0
12/25/09,0.39
12/26/09,3.12
12/27/09,0.78
12/28/09,0
12/29/09,0
12/30/09,0
12/31/09,0.44
1/1/10,0.05
1/2/10,0
1/3/10,0
1/4/10,0
1/5/10,0
1/6/10,0
1/7/10,0
1/8/10,0.04
1/9/10,0
1/10/10,0
1/11/10,0
1/12/10,0
1/13/10,0
1/14/10,0
1/15/10,0
1/16/10,0
1/17/10,1.06
1/18/10,0.05
1/19/10,0
1/20/10,0
1/21/10,0
1/22/10,0
1/23/10,0
1/24/10,0.03
1/25/10,2.71
1/26/10,0
1/27/10,0
1/28/10,0.16
1/29/10,0
1/30/10,0
1/31/10,0
2/1/10,0
2/2/10,0.04
2/3/10,0.11
2/4/10,0
2/5/10,0
2/6/10,0
2/7/10,0
2/8/10,0
2/9/10,0
2/10/10,2
2/11/10,0
2/12/10,0
2/13/10,0
2/14/10,0
2/15/10,0
2/16/10,0.57
2/17/10,0
2/18/10,0
2/19/10,0
2/20/10,0
2/21/10,0
2/22/10,0.03
2/23/10,1.99
2/24/10,0.77
2/25/10,3.14
2/26/10,1.5
2/27/10,0.01
2/28/10,0
3/1/10,0
3/2/10,0.02
3/3/10,0.07
3/4/10,0
3/5/10,0
3/6/10,0
3/7/10,0
3/8/10,0
3/9/10,0
3/10/10,0
3/11/10,0
3/12/10,0.29
3/13/10,6.67
3/14/10,0.28
3/15/10,0.5
3/16/10,0
3/17/10,0
3/18/10,0
3/19/10,0
3/20/10,0
3/21/10,0
3/22/10,3.26
3/23/10,0.35
3/24/10,0
3/25/10,0
3/26/10,0.18
3/27/10,0
3/28/10,0.09
3/29/10,3.58
3/30/10,4.77
3/31/10,0.01
4/1/10,0
4/2/10,0
4/3/10,0
4/4/10,0
4/5/10,0
4/6/10,0
4/7/10,0
4/8/10,0
4/9/10,0.55
4/10/10,0
4/11/10,0
4/12/10,0
4/13/10,0
4/14/10,0
4/15/10,0
4/16/10,0.46
4/17/10,0.41
4/18/10,0
4/19/10,0
4/20/10,0
4/21/10,0.03
4/22/10,0
4/23/10,0
4/24/10,0
4/25/10,3.21
4/26/10,1.59
4/27/10,0.12
4/28/10,0
4/29/10,0
4/30/10,0
5/1/10,0
5/2/10,0
5/3/10,3.74
5/4/10,0
5/5/10,0
5/6/10,0
5/7/10,0
5/8/10,0.04
5/9/10,0
5/10/10,0
5/11/10,0
5/12/10,0.75
5/13/10,0
5/14/10,0.1
5/15/10,0
5/16/10,0
5/17/10,0
5/18/10,1.72
5/19/10,0
5/20/10,0
5/21/10,0
5/22/10,0
5/23/10,0
5/24/10,0.06
5/25/10,0
5/26/10,0
5/27/10,0.06
5/28/10,0
5/29/10,0
5/30/10,0
5/31/10,0
6/1/10,0
6/2/10,0
6/3/10,0
6/4/10,0
6/5/10,0
6/6/10,0.04
6/7/10,0
6/8/10,0
6/9/10,2.05
6/10/10,0.78
6/11/10,0
6/12/10,0
6/13/10,1.02
6/14/10,0.03
6/15/10,0
6/16/10,0
6/17/10,1.05
6/18/10,0
6/19/10,0
6/20/10,0
6/21/10,0
6/22/10,1.07
6/23/10,0
6/24/10,0
6/25/10,0
6/26/10,0
6/27/10,0
6/28/10,0.01
6/29/10,0
6/30/10,0
7/1/10,0
7/2/10,0
7/3/10,0
7/4/10,0
7/5/10,0
7/6/10,0
7/7/10,0
7/8/10,0
7/9/10,0.07
7/10/10,0
7/11/10,0
7/12/10,0
7/13/10,2.39
7/14/10,1.72
7/15/10,0.03
7/16/10,0
7/17/10,0
7/18/10,0
7/19/10,0.4
7/20/10,0
7/21/10,0
7/22/10,0
7/23/10,2.23
7/24/10,0
7/25/10,0.99
7/26/10,0
7/27/10,0
7/28/10,0
7/29/10,0.18
7/30/10,0
7/31/10,0
8/1/10,0
8/2/10,0
8/3/10,0
8/4/10,0
8/5/10,0.02
8/6/10,0
8/7/10,0
8/8/10,0
8/9/10,0
8/10/10,0
8/11/10,0
8/12/10,0.09
8/13/10,0
8/14/10,0
8/15/10,0.31
8/16/10,0.24
8/17/10,0
8/18/10,0
8/19/10,0
8/20/10,0
8/21/10,0
8/22/10,5.09
8/23/10,3.1
8/24/10,0.01
8/25/10,2.24
8/26/10,0
8/27/10,0
8/28/10,0
8/29/10,0
8/30/10,0
8/31/10,0
9/1/10,0
9/2/10,0
9/3/10,0
9/4/10,0
9/5/10,0
9/6/10,0
9/7/10,0
9/8/10,0
9/9/10,0
9/10/10,0
9/11/10,0
9/12/10,0.23
9/13/10,0.29
9/14/10,0
9/15/10,0
9/16/10,0.88
9/17/10,0.1
9/18/10,0
9/19/10,0
9/20/10,0
9/21/10,0
9/22/10,0.31
9/23/10,0
9/24/10,0
9/25/10,0
9/26/10,0
9/27/10,2.86
9/28/10,0.85
9/29/10,0
9/30/10,1.8
10/1/10,5.81
10/2/10,0
10/3/10,0.03
10/4/10,1.14
10/5/10,0.01
10/6/10,0
10/7/10,0
10/8/10,0
10/9/10,0
10/10/10,0
10/11/10,2.95
10/12/10,0.18
10/13/10,0
10/14/10,1.45
10/15/10,0.04
10/16/10,0
10/17/10,0
10/18/10,0.02
10/19/10,0.03
10/20/10,0
10/21/10,0.01
10/22/10,0
10/23/10,0
10/24/10,0
10/25/10,0
10/26/10,0
10/27/10,0.52
10/28/10,0
10/29/10,0
10/30/10,0
10/31/10,0
11/1/10,0
11/2/10,0
11/3/10,0
11/4/10,1.86
11/5/10,0.05
11/6/10,0
11/7/10,0
11/8/10,0.05
11/9/10,0
11/10/10,0
11/11/10,0
11/12/10,0
11/13/10,0
11/14/10,0
11/15/10,0
11/16/10,0.81
11/17/10,0.37
11/18/10,0
11/19/10,0
11/20/10,0
11/21/10,0
11/22/10,0
11/23/10,0
11/24/10,0
11/25/10,0.08
11/26/10,0.31
11/27/10,0
11/28/10,0
11/29/10,0
11/30/10,0.09
12/1/10,3.59
12/2/10,0
12/3/10,0
12/4/10,0
12/5/10,0
12/6/10,0
12/7/10,0
12/8/10,0
12/9/10,0
12/10/10,0
12/11/10,0
12/12/10,2.83
12/13/10,0.1
12/14/10,0.01
12/15/10,0
12/16/10,0
12/17/10,0
12/18/10,0
12/19/10,0
12/20/10,0
12/21/10,0
12/22/10,0
12/23/10,0
12/24/10,0
12/25/10,0
12/26/10,1.92
12/27/10,0.41
12/28/10,0
12/29/10,0
12/30/10,0
12/31/10,0
1/1/11,0
1/2/11,0.01
1/3/11,0
1/4/11,0
1/5/11,0
1/6/11,0
1/7/11,0.39
1/8/11,0
1/9/11,0
1/10/11,0
1/11/11,0.57
1/12/11,0.82
1/13/11,0
1/14/11,0
1/15/11,0
1/16/11,0
1/17/11,0
1/18/11,1.86
1/19/11,0.07
1/20/11,0
1/21/11,0.68
1/22/11,0
1/23/11,0
1/24/11,0
1/25/11,0.11
1/26/11,1.63
1/27/11,1.24
1/28/11,0
1/29/11,0.02
1/30/11,0
1/31/11,0
2/1/11,0.41
2/2/11,1.58
2/3/11,0
2/4/11,0
2/5/11,0.19
2/6/11,0
2/7/11,0.26
2/8/11,0.2
2/9/11,0
2/10/11,0
2/11/11,0
2/12/11,0
2/13/11,0
2/14/11,0
2/15/11,0
2/16/11,0
2/17/11,0
2/18/11,0
2/19/11,0
2/20/11,0
2/21/11,0.47
2/22/11,0
2/23/11,0
2/24/11,0.06
2/25/11,2.65
2/26/11,0
2/27/11,0
2/28/11,0.77
3/1/11,0
3/2/11,0
3/3/11,0
3/4/11,0
3/5/11,0.01
3/6/11,4.86
3/7/11,0.21
3/8/11,0
3/9/11,0
3/10/11,2.27
3/11/11,2.25
3/12/11,0
3/13/11,0
3/14/11,0
3/15/11,0
3/16/11,0.89
3/17/11,0
3/18/11,0
3/19/11,0
3/20/11,0
3/21/11,0.86
3/22/11,0
3/23/11,1.7
3/24/11,0.18
3/25/11,0
3/26/11,0
3/27/11,0
3/28/11,0
3/29/11,0
3/30/11,0
3/31/11,0.15
4/1/11,0.33
4/2/11,0
4/3/11,0
4/4/11,0.06
4/5/11,0.31
4/6/11,0.08
4/7/11,0.04
4/8/11,0
4/9/11,0
4/10/11,0
4/11/11,0
4/12/11,1.71
4/13/11,1.24
4/14/11,0
4/15/11,0
4/16/11,2.85
4/17/11,1.26
4/18/11,0
4/19/11,0.04
4/20/11,0
4/21/11,0
4/22/11,0
4/23/11,1.31
4/24/11,1.4
4/25/11,0
4/26/11,0
4/27/11,0
4/28/11,0.76
4/29/11,0
4/30/11,0
5/1/11,0
5/2/11,0
5/3/11,0
5/4/11,1.32
5/5/11,0
5/6/11,0
5/7/11,0
5/8/11,0
5/9/11,0
5/10/11,0
5/11/11,0
5/12/11,0
5/13/11,0
5/14/11,0
5/15/11,2.08
5/16/11,0.38
5/17/11,0.58
5/18/11,5.76
5/19/11,0.19
5/20/11,0.49
5/21/11,0.09
5/22/11,0
5/23/11,0.28
5/24/11,0
5/25/11,0
5/26/11,0
5/27/11,0
5/28/11,0
5/29/11,0
5/30/11,0.38
5/31/11,0
6/1/11,0
6/2/11,0
6/3/11,0
6/4/11,0
6/5/11,0
6/6/11,0
6/7/11,0
6/8/11,0
6/9/11,0.07
6/10/11,0
6/11/11,1.17
6/12/11,0
6/13/11,0.19
6/14/11,0.18
6/15/11,0
6/16/11,0
6/17/11,6.38
6/18/11,0
6/19/11,0
6/20/11,0
6/21/11,0
6/22/11,0.85
6/23/11,0.73
6/24/11,0.05
6/25/11,0
6/26/11,0
6/27/11,0
6/28/11,0
6/29/11,0.14
6/30/11,0
7/1/11,0
7/2/11,0
7/3/11,1.5
7/4/11,0
7/5/11,0
7/6/11,0
7/7/11,0
7/8/11,0.73
7/9/11,0.01
7/10/11,0
7/11/11,0
7/12/11,0
7/13/11,0.42
7/14/11,0
7/15/11,0
7/16/11,0
7/17/11,0
7/18/11,0.35
7/19/11,0
7/20/11,0
7/21/11,0
7/22/11,0
7/23/11,0
7/24/11,0.09
7/25/11,0.63
7/26/11,0.16
7/27/11,0
7/28/11,0
7/29/11,2.43
7/30/11,0
7/31/11,0
8/1/11,0.02
8/2/11,0
8/3/11,2.63
8/4/11,0
8/5/11,0
8/6/11,0.3
8/7/11,0.38
8/8/11,0
8/9/11,5.17
8/10/11,0
8/11/11,0
8/12/11,0
8/13/11,0
8/14/11,16.25
8/15/11,2.6
8/16/11,0.02
8/17/11,0
8/18/11,0.13
8/19/11,1.69
8/20/11,0
8/21/11,2.43
8/22/11,0
8/23/11,0
8/24/11,0
8/25/11,1.33
8/26/11,0
8/27/11,7.29
8/28/11,10.88
8/29/11,0
8/30/11,0
8/31/11,0
9/1/11,0
9/2/11,0
9/3/11,0
9/4/11,0
9/5/11,0
9/6/11,7.42
9/7/11,2.36
9/8/11,2.03
9/9/11,0
9/10/11,0
9/11/11,0.01
9/12/11,0
9/13/11,0
9/14/11,0
9/15/11,0.14
9/16/11,0
9/17/11,0
9/18/11,0
9/19/11,0
9/20/11,0.14
9/21/11,0.06
9/22/11,0.02
9/23/11,5.29
9/24/11,0
9/25/11,0
9/26/11,0
9/27/11,0
9/28/11,0.02
9/29/11,1.25
9/30/11,1.83
10/1/11,0.8
10/2/11,0.12
10/3/11,0.05
10/4/11,0
10/5/11,0
10/6/11,0
10/7/11,0
10/8/11,0
10/9/11,0
10/10/11,0
10/11/11,0
10/12/11,0.03
10/13/11,1.98
10/14/11,2.59
10/15/11,0
10/16/11,0
10/17/11,0
10/18/11,0.01
10/19/11,0.84
10/20/11,0.06
10/21/11,0
10/22/11,0
10/23/11,0
10/24/11,0
10/25/11,0
10/26/11,0
10/27/11,1.24
10/28/11,0
10/29/11,2.99
10/30/11,0.1
10/31/11,0
11/1/11,0
11/2/11,0
11/3/11,0
11/4/11,0
11/5/11,0
11/6/11,0
11/7/11,0
11/8/11,0
11/9/11,0
11/10/11,0.03
11/11/11,0.03
11/12/11,0
11/13/11,0
11/14/11,0
11/15/11,0
11/16/11,1.59
11/17/11,0.12
11/18/11,0
11/19/11,0
11/20/11,0
11/21/11,0.12
11/22/11,2
11/23/11,1.2
11/24/11,0
11/25/11,0
11/26/11,0
11/27/11,0
11/28/11,0
11/29/11,0.91
11/30/11,0
12/1/11,0
12/2/11,0
12/3/11,0
12/4/11,0
12/5/11,0
12/6/11,0.36
12/7/11,3.41
12/8/11,0.25
12/9/11,0
12/10/11,0
12/11/11,0
12/12/11,0
12/13/11,0
12/14/11,0
12/15/11,0
12/16/11,0
12/17/11,0
12/18/11,0
12/19/11,0
12/20/11,0.01
12/21/11,0.31
12/22/11,0.05
12/23/11,2.09
12/24/11,0
12/25/11,0
12/26/11,0
12/27/11,1.79
12/28/11,0
12/29/11,0
12/30/11,0
12/31/11,0.01
1/1/12,0.05
1/2/12,0
1/3/12,0
1/4/12,0
1/5/12,0
1/6/12,0
1/7/12,0
1/8/12,0
1/9/12,0
1/10/12,0
1/11/12,0.07
1/12/12,3.24
1/13/12,0.29
1/14/12,0
1/15/12,0
1/16/12,0.01
1/17/12,0.26
1/18/12,0
1/19/12,0
1/20/12,0
1/21/12,0.83
1/22/12,0
1/23/12,1.16
1/24/12,0
1/25/12,0
1/26/12,0.24
1/27/12,0.8
1/28/12,0
1/31/12,0
2/1/12,0.03
2/2/12,0
2/3/12,0
2/4/12,0
2/5/12,0
2/6/12,0
2/7/12,0
2/8/12,0.02
2/9/12,0
2/10/12,0
2/11/12,0.13
2/12/12,0
2/13/12,0
2/14/12,0.02
2/15/12,0.01
2/16/12,0.32
2/17/12,0.06
2/18/12,0.04
2/19/12,0
2/20/12,0
2/21/12,0
2/22/12,0
2/23/12,0
2/24/12,1.25
2/25/12,0
2/26/12,0
2/27/12,0
2/28/12,0
2/29/12,0.88
3/1/12,0.15
3/2/12,0.1
3/3/12,0.3
3/4/12,0
3/5/12,0
3/6/12,0
3/7/12,0
3/8/12,0
3/9/12,0.02
3/10/12,0
3/11/12,0
3/12/12,0
3/13/12,0.04
3/14/12,0
3/15/12,0
3/16/12,0.04
3/17/12,0
3/18/12,0
3/19/12,0
3/20/12,0
3/21/12,0
3/22/12,0
3/23/12,0
3/24/12,0
3/25/12,0.2
3/26/12,0
3/27/12,0
3/28/12,0.02
3/29/12,0
3/30/12,0.01
3/31/12,0.72
4/1/12,0.59
4/2/12,0.35
4/3/12,0
4/4/12,0
4/5/12,0
4/6/12,0
4/7/12,0
4/8/12,0
4/9/12,0
4/10/12,0
4/11/12,0
4/12/12,0
4/13/12,0
4/14/12,0
4/15/12,0
4/16/12,0
4/17/12,0
4/18/12,0.01
4/19/12,0.04
4/20/12,0
4/21/12,0.14
4/22/12,3.76
4/23/12,0.65
4/24/12,0
4/25/12,0
4/26/12,0.06
4/27/12,0.12
4/28/12,0
4/29/12,0
4/30/12,0
5/1/12,1.39
5/2/12,0.16
5/3/12,1.64
5/4/12,0.44
5/5/12,0
5/6/12,0
5/7/12,0.01
5/8/12,0.03
5/9/12,0.52
5/10/12,0.14
5/11/12,0
5/12/12,0
5/13/12,0
5/14/12,0
5/15/12,1.23
5/16/12,0.14
5/17/12,0
5/18/12,0
5/19/12,0
5/20/12,0
5/21/12,3.31
5/22/12,0.25
5/23/12,0.03
5/24/12,2.25
5/25/12,0
5/26/12,0.02
5/27/12,0.14
5/28/12,0
5/29/12,0.38
5/30/12,0.01
5/31/12,0
6/1/12,0
6/2/12,1.24
6/3/12,0.01
6/4/12,0.43
6/5/12,0
6/6/12,0.01
6/7/12,0.01
6/8/12,0
6/9/12,0
6/10/12,0
6/11/12,0
6/12/12,1.98
6/13/12,1.12
6/14/12,0
6/15/12,0
6/16/12,0
6/17/12,0
6/18/12,0
6/19/12,0
6/20/12,0
6/21/12,0
6/22/12,0.56
6/23/12,0
6/24/12,0.06
6/25/12,0.27
6/26/12,0
6/27/12,0
6/28/12,0
6/29/12,0.62
6/30/12,0
7/1/12,0
7/2/12,0
7/3/12,0
7/4/12,0.06
7/5/12,0
7/6/12,0
7/7/12,0.08
7/8/12,2.09
7/9/12,0
7/10/12,0
7/11/12,0
7/12/12,0
7/13/12,0
7/14/12,0
7/15/12,0.82
7/16/12,0.01
7/17/12,0
7/18/12,4.27
7/19/12,0.02
7/20/12,1.35
7/21/12,0
7/22/12,0
7/23/12,0.26
7/24/12,0
7/25/12,0
7/26/12,1.45
7/27/12,0
7/28/12,0.61
7/29/12,0.01
7/30/12,0
7/31/12,0
8/1/12,1.53
8/2/12,0
8/3/12,0
8/4/12,0
8/5/12,0.56
8/6/12,0.01
8/7/12,0
8/8/12,0
8/9/12,0
8/10/12,0.44
8/11/12,0
8/12/12,0
8/13/12,0
8/14/12,0.01
8/15/12,1.15
8/16/12,0
8/17/12,0.23
8/18/12,0.78
8/19/12,0
8/20/12,0
8/21/12,0
8/22/12,0
8/23/12,0
8/24/12,0
8/25/12,0
8/26/12,0
8/27/12,1.91
8/28/12,0.35
8/29/12,0
8/30/12,0
8/31/12,0
9/1/12,0
9/2/12,0
9/3/12,0
9/4/12,0.29
9/5/12,0.16
9/6/12,0
9/7/12,0
9/8/12,1.22
9/9/12,0
9/10/12,0
9/11/12,0
9/12/12,0
9/13/12,0
9/14/12,0
9/15/12,0.01
9/16/12,0
9/17/12,0
9/18/12,3.24
9/19/12,0
9/20/12,0
9/21/12,0
9/22/12,0.28
9/23/12,0
9/24/12,0
9/25/12,0
9/26/12,0.01
9/27/12,0.06
9/28/12,4.19
9/29/12,0
9/30/12,0
10/1/12,0
10/2/12,0.68
10/3/12,0
10/4/12,0
10/5/12,0
10/6/12,0
10/7/12,0.2
10/8/12,0
10/9/12,0.06
10/10/12,0.4
10/11/12,0
10/12/12,0
10/13/12,0
10/14/12,0
10/15/12,0.59
10/16/12,0
10/17/12,0
10/18/12,0
10/19/12,2.22
10/20/12,0
10/21/12,0
10/22/12,0
10/23/12,0.03
10/24/12,0
10/25/12,0
10/26/12,0
10/27/12,0
10/28/12,0
10/29/12,1.27
10/30/12,0.75
10/31/12,0.01
11/1/12,0
11/2/12,0
11/3/12,0
11/4/12,0
11/5/12,0
11/6/12,0
11/7/12,1.44
11/8/12,0.12
11/9/12,0
11/10/12,0
11/11/12,0
11/12/12,0
11/13/12,0.11
11/14/12,0
11/15/12,0
11/16/12,0
11/17/12,0
11/18/12,0
11/19/12,0
11/20/12,0
11/21/12,0
11/22/12,0
11/23/12,0.01
11/24/12,0
11/25/12,0
11/26/12,0
11/27/12,0.84
11/28/12,0
11/29/12,0
11/30/12,0
12/1/12,0
12/2/12,0.04
12/3/12,0
12/4/12,0.14
12/5/12,0
12/6/12,0
12/7/12,0.23
12/8/12,0.55
12/9/12,0.26
12/10/12,0.05
12/11/12,0.07
12/12/12,0
12/13/12,0
12/14/12,0
12/15/12,0
12/16/12,0.74
12/17/12,0.32
12/18/12,1.35
12/19/12,0
12/20/12,0.01
12/21/12,1.3
12/22/12,0
12/23/12,0
12/24/12,0.12
12/25/12,0.1
12/26/12,2.21
12/27/12,1.44
12/28/12,0
12/29/12,0.37
12/30/12,0
12/31/12,0
1/1/13,0
1/2/13,0
1/3/13,0
1/4/13,0
1/5/13,0
1/6/13,0
1/7/13,0
1/8/13,0
1/9/13,0
1/10/13,0
1/11/13,0.84
1/12/13,0.03
1/13/13,0
1/14/13,0.09
1/15/13,0.12
1/16/13,0.86
1/17/13,0
1/18/13,0
1/19/13,0
1/20/13,0
1/21/13,0
1/22/13,0
1/23/13,0
1/24/13,0
1/25/13,0.2
1/26/13,0
1/27/13,0
1/28/13,0.38
1/29/13,0.16
1/30/13,0.05
1/31/13,2.27
2/1/13,0
2/2/13,0.04
2/3/13,0.01
2/4/13,0
2/5/13,0.04
2/6/13,0
2/7/13,0
2/8/13,1.89
2/9/13,0.47
2/10/13,0
2/11/13,0.95
2/12/13,0
2/13/13,0.05
2/14/13,0.01
2/15/13,0
2/16/13,0.03
2/17/13,0
2/18/13,0
2/19/13,0.16
2/20/13,0
2/21/13,0
2/22/13,0
2/23/13,0.36
2/24/13,0.03
2/25/13,0
2/26/13,0.13
2/27/13,3.04
2/28/13,0
3/1/13,0
3/2/13,0
3/3/13,0
3/4/13,0
3/5/13,0
3/6/13,0
3/7/13,0.35
3/8/13,0.76
3/9/13,0
3/10/13,0
3/11/13,0
3/12/13,1.66
3/13/13,0
3/14/13,0
3/15/13,0
3/16/13,0.26
3/17/13,0
3/18/13,0.68
3/19/13,0.49
3/20/13,0
3/21/13,0
3/22/13,0
3/23/13,0
3/24/13,0
3/25/13,0.27
3/26/13,0
3/27/13,0
3/28/13,0
3/29/13,0
3/30/13,0
3/31/13,0.1
4/1/13,0
4/2/13,0
4/3/13,0
4/4/13,0
4/5/13,0
4/6/13,0
4/7/13,0
4/8/13,0
4/9/13,0
4/10/13,0.95
4/11/13,0.04
4/12/13,0.97
4/13/13,0.1
4/14/13,0
4/15/13,0
4/16/13,0
4/17/13,0.02
4/18/13,0.01
4/19/13,0.05
4/20/13,0.1
4/21/13,0
4/22/13,0
4/23/13,0
4/24/13,0
4/25/13,0
4/26/13,0
4/27/13,0
4/28/13,0
4/29/13,0.04
4/30/13,0
5/1/13,0
5/2/13,0
5/3/13,0
5/4/13,0
5/5/13,0
5/6/13,0
5/7/13,0
5/8/13,8.98
5/9/13,1.24
5/10/13,0
5/11/13,3.77
5/12/13,0
5/13/13,0
5/14/13,0
5/15/13,0
5/16/13,0
5/17/13,0
5/18/13,0.01
5/19/13,1.01
5/20/13,0
5/21/13,0
5/22/13,0
5/23/13,8.31
5/24/13,0.48
5/25/13,0.25
5/26/13,0
5/27/13,0
5/28/13,0.96
5/29/13,0
5/30/13,0
5/31/13,0
6/1/13,0
6/2/13,0.89
6/3/13,1.99
6/4/13,0
6/5/13,0
6/6/13,0.09
6/7/13,7.96
6/8/13,1.47
6/9/13,0
6/10/13,3.49
6/11/13,0.32
6/12/13,0
6/13/13,2.81
6/14/13,0.96
6/15/13,0
6/16/13,0
6/17/13,0.03
6/18/13,0.6
6/19/13,0.03
6/20/13,0
6/21/13,0
6/22/13,0
6/23/13,0
6/24/13,0
6/25/13,0
6/26/13,0.05
6/27/13,0.74
6/28/13,0.02
6/29/13,0
6/30/13,0
7/1/13,3.39
7/2/13,0.08
7/3/13,0.83
7/4/13,0
7/5/13,0
7/6/13,0
7/7/13,0
7/8/13,0.88
7/9/13,0.51
7/10/13,0
7/11/13,0
7/12/13,0.49
7/13/13,0.19
7/14/13,0.02
7/15/13,0
7/16/13,0
7/17/13,0
7/18/13,0
7/19/13,0
7/20/13,0
7/21/13,0
7/22/13,0.1
7/23/13,0.77
7/24/13,0
7/25/13,0.01
7/26/13,0
7/27/13,0
7/28/13,0.4
7/29/13,0.05
7/30/13,0
7/31/13,0
8/1/13,1.84
8/2/13,0
8/3/13,0.06
8/4/13,0
8/5/13,0
8/6/13,0
8/7/13,0
8/8/13,1.51
8/9/13,0.05
8/10/13,0
8/11/13,0
8/12/13,0.14
8/13/13,1.78
8/14/13,0
8/15/13,0
8/16/13,0
8/17/13,0
8/18/13,0
8/19/13,0
8/20/13,0
8/21/13,0
8/22/13,0.67
8/23/13,0
8/24/13,0
8/25/13,0
8/26/13,0.04
8/27/13,0.01
8/28/13,1.01
8/29/13,0
8/30/13,0
8/31/13,0
9/1/13,0
9/2/13,0.13
9/3/13,0.06
9/4/13,0
9/5/13,0
9/6/13,0
9/7/13,0
9/8/13,0
9/9/13,0
9/10/13,0.01
9/11/13,0
9/12/13,2.98
9/13/13,0.06
9/14/13,0
9/15/13,0
9/16/13,0.03
9/17/13,0
9/18/13,0
9/19/13,0
9/20/13,0
9/21/13,0.3
9/22/13,3.32
9/23/13,0
9/24/13,0
9/25/13,0
9/26/13,0
9/27/13,0
9/28/13,0
9/29/13,0
9/30/13,0
10/1/13,0
10/2/13,0
10/3/13,0
10/4/13,0
10/5/13,0
10/6/13,0
10/7/13,0.62
10/8/13,0
10/9/13,0
10/10/13,0
10/11/13,0.09
10/12/13,0
10/13/13,0
10/14/13,0
10/15/13,0
10/16/13,0
10/17/13,0.02
10/18/13,0
10/19/13,0.02
10/20/13,0
10/21/13,0
10/22/13,0
10/23/13,0
10/24/13,0
10/25/13,0
10/26/13,0
10/27/13,0
10/28/13,0
10/29/13,0
10/30/13,0
10/31/13,0.11
11/1/13,0.29
11/2/13,0
11/3/13,0
11/4/13,0
11/5/13,0
11/6/13,0
11/7/13,0.32
11/8/13,0
11/9/13,0
11/10/13,0
11/11/13,0
11/12/13,0.07
11/13/13,0
11/14/13,0
11/15/13,0
11/16/13,0.05
11/17/13,0.09
11/18/13,0.6
11/19/13,0
11/20/13,0
11/21/13,0
11/22/13,0.1
11/23/13,0
11/24/13,0
11/25/13,0
11/26/13,0.73
11/27/13,4.25
11/28/13,0
11/29/13,0
11/30/13,0
12/1/13,0
12/2/13,0
12/3/13,0
12/4/13,0
12/5/13,0.01
12/6/13,1.41
12/7/13,0.16
12/8/13,0.15
12/9/13,0.67
12/10/13,0.38
12/11/13,0
12/12/13,0
12/13/13,0
12/14/13,1.24
12/15/13,1.86
12/16/13,0
12/17/13,0.44
12/18/13,0
12/19/13,0
12/20/13,0
12/21/13,0.01
12/22/13,0
12/23/13,0.93
12/24/13,0
12/25/13,0
12/26/13,0
12/27/13,0
12/28/13,0
12/29/13,3.18
12/30/13,0
12/31/13,0
1/1/14,0
1/2/14,0.3
1/3/14,0.34
1/4/14,0
1/5/14,0.3
1/6/14,0.36
1/7/14,0
1/8/14,0
1/9/14,0
1/10/14,3.85
1/11/14,0.75
1/12/14,0.18
1/13/14,0
1/14/14,0.3
1/15/14,0
1/16/14,0
1/17/14,0
1/18/14,0
1/19/14,0
1/20/14,0
1/21/14,0
1/22/14,0
1/23/14,0
1/24/14,0
1/25/14,0.04
1/26/14,0
1/27/14,0
1/28/14,0
1/29/14,0.04
1/30/14,0
1/31/14,0
2/1/14,0
2/2/14,0
2/3/14,1.33
2/4/14,0
2/5/14,1.43
2/6/14,0
2/7/14,0
2/8/14,0
2/9/14,0.19
2/10/14,0
2/11/14,0
2/12/14,0
2/13/14,3.02
2/14/14,0.52
2/15/14,0.18
2/16/14,0
2/17/14,0
2/18/14,0.27
2/19/14,0.28
2/20/14,0.05
2/21/14,0.11
2/22/14,0
2/23/14,0
2/24/14,0
2/25/14,0
2/26/14,0.1
2/27/14,0
2/28/14,0
3/1/14,0
3/2/14,0
3/3/14,0.06
3/4/14,0
3/5/14,0
3/6/14,0
3/7/14,0
3/8/14,0
3/9/14,0
3/10/14,0
3/11/14,0
3/12/14,0.77
3/13/14,0
3/14/14,0
3/15/14,0
3/16/14,0
3/17/14,0
3/18/14,0
3/19/14,2.36
3/20/14,0.44
3/21/14,0
3/22/14,0
3/23/14,0
3/24/14,0
3/25/14,0
3/26/14,0
3/27/14,0
3/28/14,0.04
3/29/14,1.97
3/30/14,2.05
3/31/14,0.21
4/1/14,0
4/2/14,0
4/3/14,0.04
4/4/14,0.18
4/5/14,0.25
4/6/14,0
4/7/14,1.14
4/8/14,0.5
4/9/14,0
4/10/14,0
4/11/14,0
4/12/14,0
4/13/14,0
4/14/14,0
4/15/14,1.16
4/16/14,0.54
4/17/14,0
4/18/14,0
4/19/14,0
4/20/14,0
4/21/14,0
4/22/14,0.01
4/23/14,0
4/24/14,0
4/25/14,0
4/26/14,2.71
4/27/14,0
4/28/14,0
4/29/14,0.03
4/30/14,9.63
5/1/14,1.61
5/2/14,0
5/3/14,0.18
5/4/14,0.02
5/5/14,0
5/6/14,0
5/7/14,0
5/8/14,0.86
5/9/14,0.12
5/10/14,0.82
5/11/14,0.09
5/12/14,0
5/13/14,0
5/14/14,0
5/15/14,0.42
5/16/14,2.35
5/17/14,0
5/18/14,0
5/19/14,0
5/20/14,0
5/21/14,0
5/22/14,0.36
5/23/14,1.9
5/24/14,1.28
5/25/14,0
5/26/14,0
5/27/14,0
5/28/14,0
5/29/14,0
5/30/14,0
5/31/14,0.11
6/1/14,0
6/2/14,0
6/3/14,0.31
6/4/14,0
6/5/14,2.78
6/6/14,0
6/7/14,0
6/8/14,0
6/9/14,3.41
6/10/14,0
6/11/14,0.02
6/12/14,0.02
6/13/14,2.86
6/14/14,0
6/15/14,0
6/16/14,0
6/17/14,0
6/18/14,0
6/19/14,0.29
6/20/14,0
6/21/14,0
6/22/14,0
6/23/14,0
6/24/14,0
6/25/14,0
6/26/14,0.25
6/27/14,0
6/28/14,0
6/29/14,0
6/30/14,0
7/1/14,0
7/2/14,1.87
7/3/14,5.3
7/4/14,0.19
7/5/14,0
7/6/14,0
7/7/14,0
7/8/14,1.76
7/9/14,0.36
7/10/14,0
7/11/14,0
7/12/14,0
7/13/14,0.09
7/14/14,1.1
7/15/14,2.88
7/16/14,0
7/17/14,0
7/18/14,0
7/19/14,0
7/20/14,0
7/21/14,0
7/22/14,0
7/23/14,0.29
7/24/14,0
7/25/14,0
7/26/14,0
7/27/14,0.01
7/28/14,0.42
7/29/14,0
7/30/14,0
7/31/14,0
8/1/14,0
8/2/14,0.87
8/3/14,0.21
8/4/14,0
8/5/14,0
8/6/14,0
8/7/14,0
8/8/14,0
8/9/14,0
8/10/14,0
8/11/14,0
8/12/14,0.17
8/13/14,1.13
8/14/14,0
8/15/14,0
8/16/14,0
8/17/14,0.01
8/18/14,0
8/19/14,0
8/20/14,0
8/21/14,0.22
8/22/14,0.62
8/23/14,0.01
8/24/14,0
8/25/14,0
8/26/14,0
8/27/14,0
8/28/14,0
8/29/14,0
8/30/14,0
8/31/14,1.23
9/1/14,0
9/2/14,0
9/3/14,0
9/4/14,0
9/5/14,0
9/6/14,0.24
9/7/14,0
9/8/14,0
9/9/14,0
9/10/14,0
9/11/14,0
9/12/14,0
9/13/14,0.74
9/14/14,0
9/15/14,0
9/16/14,1.03
9/17/14,0
9/18/14,0
9/19/14,0
9/20/14,0
9/21/14,0.45
9/22/14,0
9/23/14,0
9/24/14,0
9/25/14,0.53
9/26/14,0
9/27/14,0
9/28/14,0
9/29/14,0
9/30/14,0
10/1/14,0.04
10/2/14,0
10/3/14,0
10/4/14,1.99
10/5/14,0
10/6/14,0
10/7/14,0.02
10/8/14,0.11
10/9/14,0
10/10/14,0
10/11/14,0.76
10/12/14,0
10/13/14,0.11
10/14/14,0
10/15/14,1.71
10/16/14,2.64
10/17/14,0
10/18/14,0
10/19/14,0
10/20/14,0
10/21/14,0.32
10/22/14,3.05
10/23/14,0.97
10/24/14,0
10/25/14,0
10/26/14,0.01
10/27/14,0
10/28/14,0
10/29/14,0
10/30/14,0
10/31/14,0.02
11/1/14,0.38
11/2/14,0
11/3/14,0
11/4/14,0
11/5/14,0
11/6/14,0.53
11/7/14,0
11/8/14,0
11/9/14,0
11/10/14,0
11/11/14,0
11/12/14,0
11/13/14,0.32
11/14/14,0.06
11/15/14,0
11/16/14,0.02
11/17/14,3.46
11/18/14,0
11/19/14,0
11/20/14,0
11/21/14,0
11/22/14,0
11/23/14,0
11/24/14,1.57
11/25/14,0
11/26/14,2.12
11/27/14,0.05
11/28/14,0
11/29/14,0
11/30/14,0
12/1/14,0.09
12/2/14,0.12
12/3/14,0.1
12/4/14,0
12/5/14,1.1
12/6/14,2.03
12/7/14,0.05
12/8/14,0
12/9/14,5.26
12/10/14,0.17
12/11/14,0.02
12/12/14,0
12/13/14,0
12/14/14,0
12/15/14,0
12/16/14,0.36
12/17/14,0.04
12/18/14,0
12/19/14,0
12/20/14,0
12/21/14,0
12/22/14,0.03
12/23/14,0.32
12/24/14,1.97
12/25/14,0.15
12/26/14,0
12/27/14,0
12/28/14,0.15
12/29/14,0
12/30/14,0
12/31/14,0
1/1/15,0
1/2/15,0
1/3/15,1.52
1/4/15,0.57
1/5/15,0
1/6/15,0.08
1/7/15,0
1/8/15,0
1/9/15,0.25
1/10/15,0
1/11/15,0
1/12/15,0.87
1/13/15,0
1/14/15,0
1/15/15,0
1/16/15,0
1/17/15,0
1/18/15,4.03
1/19/15,0
1/20/15,0
1/21/15,0
1/22/15,0
1/23/15,0
1/24/15,1.07
1/25/15,0
1/26/15,0.65
1/27/15,0.5
1/28/15,0
1/29/15,0.03
1/30/15,0.2
1/31/15,0
2/1/15,0.09
2/2/15,2.03
2/3/15,0
2/4/15,0
2/5/15,0
2/6/15,0
2/7/15,0.03
2/8/15,0
2/9/15,0.09
2/10/15,0.02
2/11/15,0
2/12/15,0
2/13/15,0
2/14/15,0.02
2/15/15,0
2/16/15,0
2/17/15,0.2
2/18/15,0
2/19/15,0
2/20/15,0
2/21/15,0.99
2/22/15,0.27
2/23/15,0
2/24/15,0
2/25/15,0
2/26/15,0
2/27/15,0
2/28/15,0
3/1/15,1.14
3/2/15,0
3/3/15,1.33
3/4/15,0.46
3/5/15,1.29
3/6/15,0
3/7/15,0
3/8/15,0
3/9/15,0.01
3/10/15,0.89
3/11/15,0.06
3/12/15,0
3/13/15,0
3/14/15,1.36
3/15/15,0
3/16/15,0
3/17/15,0.02
3/18/15,0
3/19/15,0
3/20/15,0.49
3/21/15,0
3/22/15,0
3/23/15,0
3/24/15,0
3/25/15,0.06
3/26/15,0.8
3/27/15,0.56
3/28/15,0
3/29/15,0
3/30/15,0
3/31/15,0.34
4/1/15,0
4/2/15,0
4/3/15,0.05
4/4/15,0.02
4/5/15,0
4/6/15,0
4/7/15,0.24
4/8/15,0
4/9/15,0
4/10/15,0.47
4/11/15,0
4/12/15,0
4/13/15,0
4/14/15,0.01
4/15/15,0
4/16/15,0
4/17/15,0.19
4/18/15,0
4/19/15,0
4/20/15,2.56
4/21/15,0.48
4/22/15,0.05
4/23/15,0
4/24/15,0
4/25/15,0
4/26/15,0
4/27/15,0
4/28/15,0
4/29/15,0
4/30/15,0
5/1/15,0
5/2/15,0
5/3/15,0
5/4/15,0
5/5/15,0
5/6/15,0
5/7/15,0
5/8/15,0
5/9/15,0
5/10/15,0
5/11/15,0
5/12/15,0
5/13/15,0
5/14/15,0
5/15/15,0
5/16/15,0.58
5/17/15,0.13
5/18/15,0
5/19/15,0
5/20/15,0
5/21/15,0
5/22/15,0
5/23/15,0
5/24/15,0
5/25/15,0
5/26/15,0
5/27/15,0.08
5/28/15,0
5/29/15,0
5/30/15,0
5/31/15,3.68
6/1/15,1.53
6/2/15,0.45
6/3/15,0
6/4/15,0
6/5/15,0.46
6/6/15,0.57
6/7/15,0
6/8/15,0.04
6/9/15,0.03
6/10/15,0
6/11/15,0
6/12/15,0
6/13/15,0
6/14/15,0.74
6/15/15,1.91
6/16/15,0.57
6/17/15,0
6/18/15,0
6/19/15,0
6/20/15,0
6/21/15,2.17
6/22/15,0
6/23/15,0.02
6/24/15,0
6/25/15,0
6/26/15,0
6/27/15,2.5
6/28/15,0.78
6/29/15,0
6/30/15,0
7/1/15,2.35
7/2/15,0
7/3/15,0
7/4/15,0
7/5/15,0
7/6/15,0
7/7/15,0.44
7/8/15,0
7/9/15,0.76
7/10/15,0
7/11/15,0
7/12/15,0
7/13/15,0
7/14/15,2.22
7/15/15,0.48
7/16/15,0
7/17/15,0
7/18/15,0.6
7/19/15,0
7/20/15,0
7/21/15,0
7/22/15,0
7/23/15,0
7/24/15,0
7/25/15,0
7/26/15,0
7/27/15,0.78
7/28/15,0
7/29/15,0
7/30/15,4.08
7/31/15,0
8/1/15,0
8/2/15,0
8/3/15,0
8/4/15,1.89
8/5/15,0
8/6/15,0
8/7/15,0
8/8/15,0
8/9/15,0
8/10/15,0
8/11/15,3.93
8/12/15,0
8/13/15,0
8/14/15,0
8/15/15,0
8/16/15,0
8/17/15,0
8/18/15,0.51
8/19/15,0
8/20/15,0
8/21/15,0.47
8/22/15,0
8/23/15,0
8/24/15,0
8/25/15,0
8/26/15,0
8/27/15,0
8/28/15,0
8/29/15,0
8/30/15,0.35
8/31/15,0
9/1/15,0
9/2/15,0
9/3/15,0
9/4/15,0
9/5/15,0
9/6/15,0
9/7/15,0
9/8/15,0
9/9/15,0
9/10/15,3.21
9/11/15,0.03
9/12/15,0.98
9/13/15,0.1
9/14/15,0
9/15/15,0
9/16/15,0
9/17/15,0
9/18/15,0
9/19/15,0
9/20/15,0
9/21/15,0
9/22/15,0
9/23/15,0
9/24/15,0
9/25/15,0
9/26/15,0
9/27/15,0
9/28/15,0
9/29/15,0.06
9/30/15,2.85
10/1/15,0.09
10/2/15,1.85
10/3/15,0.68
10/4/15,0
10/5/15,0
10/6/15,0
10/7/15,0
10/8/15,0
10/9/15,2.4
10/10/15,0
10/11/15,0
10/12/15,0
10/13/15,0.01
10/14/15,0
10/15/15,0
10/16/15,0
10/17/15,0
10/18/15,0
10/19/15,0
10/20/15,0
10/21/15,0
10/22/15,0
10/23/15,0
10/24/15,0
10/25/15,0.14
10/26/15,0
10/27/15,0
10/28/15,3.26
10/29/15,0.37
10/30/15,0
10/31/15,0
11/1/15,0
11/2/15,0
11/3/15,0
11/4/15,0
11/5/15,0.03
11/6/15,0
11/7/15,0
11/8/15,0
11/9/15,0
11/10/15,0.47
11/11/15,0.96
11/12/15,0.01
11/13/15,0
11/14/15,0
11/15/15,0
11/16/15,0
11/17/15,0
11/18/15,0
11/19/15,2.57
11/20/15,0
11/21/15,0
11/22/15,0.06
11/23/15,0
11/24/15,0
11/25/15,0
11/26/15,0
11/27/15,0
11/28/15,0
11/29/15,0
11/30/15,0
12/1/15,0.4
12/2/15,0.15
12/3/15,0
12/4/15,0
12/5/15,0
12/6/15,0
12/7/15,0
12/8/15,0
12/9/15,0
12/10/15,0
12/11/15,0
12/12/15,0
12/13/15,0
12/14/15,0.62
12/15/15,0.22
12/16/15,0.09
12/17/15,2.6
12/18/15,0
12/19/15,0
12/20/15,0
12/21/15,0
12/22/15,0.42
12/23/15,4.72
12/24/15,0.02
12/25/15,0.01
12/26/15,0
12/27/15,0.19
12/28/15,0.03
12/29/15,0.93
12/30/15,0.28
12/31/15,0.09
1/1/16,0
1/2/16,0
1/3/16,0
1/4/16,0
1/5/16,0
1/6/16,0
1/7/16,0
1/8/16,0
1/9/16,0
1/10/16,4.33
1/11/16,0
1/12/16,0
1/13/16,0
1/14/16,0
1/15/16,0
1/16/16,0.56
1/17/16,0.06
1/18/16,0
1/19/16,0
1/20/16,0
1/21/16,0
1/22/16,0.01
1/23/16,3.38
1/24/16,0
1/25/16,0
1/26/16,0
1/27/16,0
1/28/16,0
1/29/16,0
1/30/16,0
1/31/16,0
2/1/16,0.01
2/2/16,0
2/3/16,1.45
2/4/16,0
2/5/16,0.76
2/6/16,0
2/7/16,0
2/8/16,0.16
2/9/16,0
2/10/16,0.01
2/11/16,0
2/12/16,0
2/13/16,0
2/14/16,0
2/15/16,0.76
2/16/16,1.47
2/17/16,0
2/18/16,0
2/19/16,0
2/20/16,0
2/21/16,0.03
2/22/16,0
2/23/16,0.56
2/24/16,2.84
2/25/16,0.04
2/26/16,0
2/27/16,0
2/28/16,0
2/29/16,0.05
3/1/16,0
3/2/16,0.27
3/3/16,0
3/4/16,0.27
3/5/16,0
3/6/16,0
3/7/16,0
3/8/16,0
3/9/16,0
3/10/16,0
3/11/16,0.22
3/12/16,0
3/13/16,0
3/14/16,0.51
3/15/16,0
3/16/16,0.02
3/17/16,0
3/18/16,0
3/19/16,0
3/20/16,0.1
3/21/16,0.25
3/22/16,0
3/23/16,0
3/24/16,0
3/25/16,0.04
3/26/16,0
3/27/16,0
3/28/16,0.88
3/29/16,0
3/30/16,0
3/31/16,0
4/1/16,0.01
4/2/16,0.15
4/3/16,0.1
4/4/16,0.63
4/5/16,0
4/6/16,0
4/7/16,0.11
4/8/16,0.01
4/9/16,0.11
4/10/16,0
4/11/16,0.01
4/12/16,0.2
4/13/16,0
4/14/16,0
4/15/16,0
4/16/16,0
4/17/16,0
4/18/16,0
4/19/16,0
4/20/16,0
4/21/16,0
4/22/16,0
4/23/16,0.33
4/24/16,0
4/25/16,0
4/26/16,0.46
4/27/16,0
4/28/16,0
4/29/16,0.05
4/30/16,0
5/1/16,0.23
5/2/16,0
5/3/16,1.59
5/4/16,0.01
5/5/16,0
5/6/16,1.53
5/7/16,0
5/8/16,0.32
5/9/16,0
5/10/16,0
5/11/16,0
5/12/16,0
5/13/16,0
5/14/16,0
5/15/16,0
5/16/16,0
5/17/16,0
5/18/16,0
5/19/16,0
5/20/16,0
5/21/16,0.04
5/22/16,0.09
5/23/16,0.02
5/24/16,0.21
5/25/16,0
5/26/16,0
5/27/16,0
5/28/16,0
5/29/16,0
5/30/16,4.14
5/31/16,0
6/1/16,0
6/2/16,0
6/3/16,0.07
6/4/16,1.05
6/5/16,2.15
6/6/16,0
6/7/16,0
6/8/16,0.97
6/9/16,0
6/10/16,0
6/11/16,0
6/12/16,0
6/13/16,0
6/14/16,0
6/15/16,0
6/16/16,0.48
6/17/16,0
6/18/16,0
6/19/16,0
6/20/16,0
6/21/16,0
6/22/16,0
6/23/16,0
6/24/16,0
6/25/16,0
6/26/16,0
6/27/16,0.24
6/28/16,1.15
6/29/16,0.03
6/30/16,0
7/1/16,3.2
7/2/16,0
7/3/16,0
7/4/16,0.46
7/5/16,3.18
7/6/16,0
7/7/16,0.09
7/8/16,0.15
7/9/16,0.93
7/10/16,0
7/11/16,0
7/12/16,0
7/13/16,0
7/14/16,2.03
7/15/16,0
7/16/16,0
7/17/16,0
7/18/16,0.99
7/19/16,0
7/20/16,0
7/21/16,0
7/22/16,0
7/23/16,0
7/24/16,0
7/25/16,3.02
7/26/16,0
7/27/16,0
7/28/16,0
7/29/16,3.71
7/30/16,0.56
7/31/16,1.29
8/1/16,0.08
8/2/16,0
8/3/16,0
8/4/16,0
8/5/16,0
8/6/16,0.16
8/7/16,0
8/8/16,0
8/9/16,0
8/10/16,0.32
8/11/16,0.09
8/12/16,0.91
8/13/16,0
8/14/16,0.12
8/15/16,0
8/16/16,0.24
8/17/16,0.01
8/18/16,0.03
8/19/16,0.01
8/20/16,1.2
8/21/16,0.67
8/22/16,0
8/23/16,0
8/24/16,0
8/25/16,0
8/26/16,0
8/27/16,0
8/28/16,0
8/29/16,0
8/30/16,0
8/31/16,0
9/1/16,0.8
9/2/16,0
9/3/16,0
9/4/16,0
9/5/16,0
9/6/16,0
9/7/16,0
9/8/16,0
9/9/16,0.48
9/10/16,0
9/11/16,0
9/12/16,0
9/13/16,0
9/14/16,1.35
9/15/16,0
9/16/16,0
9/17/16,0
9/18/16,0
9/19/16,1.09
9/20/16,0
9/21/16,0
9/22/16,0
9/23/16,0
9/24/16,0.59
9/25/16,0
9/26/16,0
9/27/16,0.34
9/28/16,0
9/29/16,0
9/30/16,0.56
10/1/16,0
10/2/16,0
10/3/16,0
10/4/16,0
10/5/16,0
10/6/16,0
10/7/16,0
10/8/16,0.41
10/9/16,0.8
10/10/16,0
10/11/16,0
10/12/16,0
10/13/16,0
10/14/16,0
10/15/16,0
10/16/16,0
10/17/16,0
10/18/16,0
10/19/16,0
10/20/16,0
10/21/16,2.15
10/22/16,0.53
10/23/16,0
10/24/16,0
10/25/16,0
10/26/16,0
10/27/16,3.21
10/28/16,0
10/29/16,0
10/30/16,0.68
10/31/16,0
11/1/16,0
11/2/16,0
11/3/16,0
11/4/16,0
11/5/16,0
11/6/16,0
11/7/16,0
11/8/16,0
11/9/16,0.09
11/10/16,0
11/11/16,0
11/12/16,0
11/13/16,0
11/14/16,0
11/15/16,5.18
11/16/16,0
11/17/16,0
11/18/16,0
11/19/16,0.39
11/20/16,0.87
11/21/16,0
11/22/16,0
11/23/16,0
11/24/16,0.03
11/25/16,0.02
11/26/16,0
11/27/16,0
11/28/16,0
11/29/16,4.58
11/30/16,1.47
12/1/16,0.1
12/2/16,0
12/3/16,0
12/4/16,0
12/5/16,0.24
12/6/16,0.36
12/7/16,0.09
12/8/16,0
12/9/16,0
12/10/16,0
12/11/16,0.05
12/12/16,0.88
12/13/16,0
12/14/16,0
12/15/16,0
12/16/16,0
12/17/16,1.42
12/18/16,0.04
12/19/16,0
12/20/16,0
12/21/16,0
12/22/16,0
12/23/16,0
12/24/16,0.87
12/25/16,0
12/26/16,0.04
12/27/16,0
12/28/16,0
12/29/16,0.76
12/30/16,0.03
12/31/16,0